Command line invocation:
    /Applications/Xcode_26.3.app/Contents/Developer/usr/bin/xcodebuild test -project SipCheck.xcodeproj -scheme SipCheck -destination "platform=iOS Simulator,id=01B78814-C78D-46C2-9102-C0E567449BEE" "-only-testing:SipCheckTests" "-only-testing:SipCheckUITests" -resultBundlePath TestResults/e2e.xcresult

Writing result bundle at path:
	/Users/runner/work/sipcheck/sipcheck/TestResults/e2e.xcresult

--- xcodebuild: WARNING: Using the first of multiple matching destinations:
{ platform:iOS Simulator, arch:arm64, id:01B78814-C78D-46C2-9102-C0E567449BEE, OS:26.2, name:iPhone SE (3rd generation) }
{ platform:iOS Simulator, arch:x86_64, id:01B78814-C78D-46C2-9102-C0E567449BEE, OS:26.2, name:iPhone SE (3rd generation) }
ComputePackagePrebuildTargetDependencyGraph

Prepare packages

CreateBuildRequest

SendProjectDescription

CreateBuildOperation

ComputeTargetDependencyGraph
note: Building targets in dependency order
note: Target dependency graph (3 targets)
    Target 'SipCheckUITests' in project 'SipCheck'
        ➜ Explicit dependency on target 'SipCheck' in project 'SipCheck'
    Target 'SipCheckTests' in project 'SipCheck'
        ➜ Explicit dependency on target 'SipCheck' in project 'SipCheck'
    Target 'SipCheck' in project 'SipCheck' (no dependencies)

GatherProvisioningInputs

CreateBuildDescription

ExecuteExternalTool /Applications/Xcode_26.3.app/Contents/Developer/usr/bin/actool --print-asset-tag-combinations --output-format xml1 /Users/runner/work/sipcheck/sipcheck/SipCheck/Resources/Assets.xcassets

ExecuteExternalTool /Applications/Xcode_26.3.app/Contents/Developer/Toolchains/XcodeDefault.xctoolchain/usr/bin/clang -v -E -dM -isysroot /Applications/Xcode_26.3.app/Contents/Developer/Platforms/iPhoneSimulator.platform/Developer/SDKs/iPhoneSimulator26.2.sdk -x c -c /dev/null

ExecuteExternalTool /Applications/Xcode_26.3.app/Contents/Developer/Toolchains/XcodeDefault.xctoolchain/usr/bin/swiftc --version

ExecuteExternalTool /Applications/Xcode_26.3.app/Contents/Developer/Toolchains/XcodeDefault.xctoolchain/usr/bin/ld -version_details

ExecuteExternalTool /Applications/Xcode_26.3.app/Contents/Developer/usr/bin/actool --version --output-format xml1

Build description signature: aa9fd49871f37502a9e8ec99f1bb58b7
Build description path: /Users/runner/Library/Developer/Xcode/DerivedData/SipCheck-apticojzjwokpoevnvszvhgyxxva/Build/Intermediates.noindex/XCBuildData/aa9fd49871f37502a9e8ec99f1bb58b7.xcbuilddata
CreateBuildDirectory /Users/runner/Library/Developer/Xcode/DerivedData/SipCheck-apticojzjwokpoevnvszvhgyxxva/Build/Products
    cd /Users/runner/work/sipcheck/sipcheck/SipCheck.xcodeproj
    builtin-create-build-directory /Users/runner/Library/Developer/Xcode/DerivedData/SipCheck-apticojzjwokpoevnvszvhgyxxva/Build/Products

CreateBuildDirectory /Users/runner/Library/Developer/Xcode/DerivedData/SipCheck-apticojzjwokpoevnvszvhgyxxva/Build/Intermediates.noindex
    cd /Users/runner/work/sipcheck/sipcheck/SipCheck.xcodeproj
    builtin-create-build-directory /Users/runner/Library/Developer/Xcode/DerivedData/SipCheck-apticojzjwokpoevnvszvhgyxxva/Build/Intermediates.noindex

ClangStatCache /Applications/Xcode_26.3.app/Contents/Developer/Toolchains/XcodeDefault.xctoolchain/usr/bin/clang-stat-cache /Applications/Xcode_26.3.app/Contents/Developer/Platforms/iPhoneSimulator.platform/Developer/SDKs/iPhoneSimulator26.2.sdk /Users/runner/Library/Developer/Xcode/DerivedData/SDKStatCaches.noindex/iphonesimulator26.2-23C57-dc75598d0054f22ec865fa860f139d72e244bd9a5feaf902f95f61bf06266e52.sdkstatcache
    cd /Users/runner/work/sipcheck/sipcheck/SipCheck.xcodeproj
    /Applications/Xcode_26.3.app/Contents/Developer/Toolchains/XcodeDefault.xctoolchain/usr/bin/clang-stat-cache /Applications/Xcode_26.3.app/Contents/Developer/Platforms/iPhoneSimulator.platform/Developer/SDKs/iPhoneSimulator26.2.sdk -o /Users/runner/Library/Developer/Xcode/DerivedData/SDKStatCaches.noindex/iphonesimulator26.2-23C57-dc75598d0054f22ec865fa860f139d72e244bd9a5feaf902f95f61bf06266e52.sdkstatcache

CreateBuildDirectory /Users/runner/Library/Developer/Xcode/DerivedData/SipCheck-apticojzjwokpoevnvszvhgyxxva/Build/Products/Debug-iphonesimulator
    cd /Users/runner/work/sipcheck/sipcheck/SipCheck.xcodeproj
    builtin-create-build-directory /Users/runner/Library/Developer/Xcode/DerivedData/SipCheck-apticojzjwokpoevnvszvhgyxxva/Build/Products/Debug-iphonesimulator

WriteAuxiliaryFile /Users/runner/Library/Developer/Xcode/DerivedData/SipCheck-apticojzjwokpoevnvszvhgyxxva/Build/Intermediates.noindex/SipCheck.build/Debug-iphonesimulator/SipCheck-d719983bdb5d0a8a180f2426b14feaa1-VFS-iphonesimulator/all-product-headers.yaml
    cd /Users/runner/work/sipcheck/sipcheck/SipCheck.xcodeproj
    write-file /Users/runner/Library/Developer/Xcode/DerivedData/SipCheck-apticojzjwokpoevnvszvhgyxxva/Build/Intermediates.noindex/SipCheck.build/Debug-iphonesimulator/SipCheck-d719983bdb5d0a8a180f2426b14feaa1-VFS-iphonesimulator/all-product-headers.yaml

CreateBuildDirectory /Users/runner/Library/Developer/Xcode/DerivedData/SipCheck-apticojzjwokpoevnvszvhgyxxva/Build/Intermediates.noindex/SwiftExplicitPrecompiledModules
    cd /Users/runner/work/sipcheck/sipcheck/SipCheck.xcodeproj
    builtin-create-build-directory /Users/runner/Library/Developer/Xcode/DerivedData/SipCheck-apticojzjwokpoevnvszvhgyxxva/Build/Intermediates.noindex/SwiftExplicitPrecompiledModules

CreateBuildDirectory /Users/runner/Library/Developer/Xcode/DerivedData/SipCheck-apticojzjwokpoevnvszvhgyxxva/Build/Intermediates.noindex/ExplicitPrecompiledModules
    cd /Users/runner/work/sipcheck/sipcheck/SipCheck.xcodeproj
    builtin-create-build-directory /Users/runner/Library/Developer/Xcode/DerivedData/SipCheck-apticojzjwokpoevnvszvhgyxxva/Build/Intermediates.noindex/ExplicitPrecompiledModules

CreateBuildDirectory /Users/runner/Library/Developer/Xcode/DerivedData/SipCheck-apticojzjwokpoevnvszvhgyxxva/Build/Intermediates.noindex/EagerLinkingTBDs/Debug-iphonesimulator
    cd /Users/runner/work/sipcheck/sipcheck/SipCheck.xcodeproj
    builtin-create-build-directory /Users/runner/Library/Developer/Xcode/DerivedData/SipCheck-apticojzjwokpoevnvszvhgyxxva/Build/Intermediates.noindex/EagerLinkingTBDs/Debug-iphonesimulator

WriteAuxiliaryFile /Users/runner/Library/Developer/Xcode/DerivedData/SipCheck-apticojzjwokpoevnvszvhgyxxva/Build/Intermediates.noindex/SipCheck.build/Debug-iphonesimulator/SipCheckUITests.build/empty-SipCheckUITests.plist (in target 'SipCheckUITests' from project 'SipCheck')
    cd /Users/runner/work/sipcheck/sipcheck
    write-file /Users/runner/Library/Developer/Xcode/DerivedData/SipCheck-apticojzjwokpoevnvszvhgyxxva/Build/Intermediates.noindex/SipCheck.build/Debug-iphonesimulator/SipCheckUITests.build/empty-SipCheckUITests.plist

WriteAuxiliaryFile /Users/runner/Library/Developer/Xcode/DerivedData/SipCheck-apticojzjwokpoevnvszvhgyxxva/Build/Intermediates.noindex/SipCheck.build/Debug-iphonesimulator/SipCheckUITests.build/SipCheckUITests.hmap (in target 'SipCheckUITests' from project 'SipCheck')
    cd /Users/runner/work/sipcheck/sipcheck
    write-file /Users/runner/Library/Developer/Xcode/DerivedData/SipCheck-apticojzjwokpoevnvszvhgyxxva/Build/Intermediates.noindex/SipCheck.build/Debug-iphonesimulator/SipCheckUITests.build/SipCheckUITests.hmap

WriteAuxiliaryFile /Users/runner/Library/Developer/Xcode/DerivedData/SipCheck-apticojzjwokpoevnvszvhgyxxva/Build/Intermediates.noindex/SipCheck.build/Debug-iphonesimulator/SipCheckUITests.build/SipCheckUITests.DependencyStaticMetadataFileList (in target 'SipCheckUITests' from project 'SipCheck')
    cd /Users/runner/work/sipcheck/sipcheck
    write-file /Users/runner/Library/Developer/Xcode/DerivedData/SipCheck-apticojzjwokpoevnvszvhgyxxva/Build/Intermediates.noindex/SipCheck.build/Debug-iphonesimulator/SipCheckUITests.build/SipCheckUITests.DependencyStaticMetadataFileList

WriteAuxiliaryFile /Users/runner/Library/Developer/Xcode/DerivedData/SipCheck-apticojzjwokpoevnvszvhgyxxva/Build/Intermediates.noindex/SipCheck.build/Debug-iphonesimulator/SipCheckUITests.build/SipCheckUITests.DependencyMetadataFileList (in target 'SipCheckUITests' from project 'SipCheck')
    cd /Users/runner/work/sipcheck/sipcheck
    write-file /Users/runner/Library/Developer/Xcode/DerivedData/SipCheck-apticojzjwokpoevnvszvhgyxxva/Build/Intermediates.noindex/SipCheck.build/Debug-iphonesimulator/SipCheckUITests.build/SipCheckUITests.DependencyMetadataFileList

WriteAuxiliaryFile /Users/runner/Library/Developer/Xcode/DerivedData/SipCheck-apticojzjwokpoevnvszvhgyxxva/Build/Intermediates.noindex/SipCheck.build/Debug-iphonesimulator/SipCheckUITests.build/SipCheckUITests-project-headers.hmap (in target 'SipCheckUITests' from project 'SipCheck')
    cd /Users/runner/work/sipcheck/sipcheck
    write-file /Users/runner/Library/Developer/Xcode/DerivedData/SipCheck-apticojzjwokpoevnvszvhgyxxva/Build/Intermediates.noindex/SipCheck.build/Debug-iphonesimulator/SipCheckUITests.build/SipCheckUITests-project-headers.hmap

WriteAuxiliaryFile /Users/runner/Library/Developer/Xcode/DerivedData/SipCheck-apticojzjwokpoevnvszvhgyxxva/Build/Intermediates.noindex/SipCheck.build/Debug-iphonesimulator/SipCheckUITests.build/SipCheckUITests-own-target-headers.hmap (in target 'SipCheckUITests' from project 'SipCheck')
    cd /Users/runner/work/sipcheck/sipcheck
    write-file /Users/runner/Library/Developer/Xcode/DerivedData/SipCheck-apticojzjwokpoevnvszvhgyxxva/Build/Intermediates.noindex/SipCheck.build/Debug-iphonesimulator/SipCheckUITests.build/SipCheckUITests-own-target-headers.hmap

WriteAuxiliaryFile /Users/runner/Library/Developer/Xcode/DerivedData/SipCheck-apticojzjwokpoevnvszvhgyxxva/Build/Intermediates.noindex/SipCheck.build/Debug-iphonesimulator/SipCheckUITests.build/SipCheckUITests-generated-files.hmap (in target 'SipCheckUITests' from project 'SipCheck')
    cd /Users/runner/work/sipcheck/sipcheck
    write-file /Users/runner/Library/Developer/Xcode/DerivedData/SipCheck-apticojzjwokpoevnvszvhgyxxva/Build/Intermediates.noindex/SipCheck.build/Debug-iphonesimulator/SipCheckUITests.build/SipCheckUITests-generated-files.hmap

WriteAuxiliaryFile /Users/runner/Library/Developer/Xcode/DerivedData/SipCheck-apticojzjwokpoevnvszvhgyxxva/Build/Intermediates.noindex/SipCheck.build/Debug-iphonesimulator/SipCheckUITests.build/SipCheckUITests-all-target-headers.hmap (in target 'SipCheckUITests' from project 'SipCheck')
    cd /Users/runner/work/sipcheck/sipcheck
    write-file /Users/runner/Library/Developer/Xcode/DerivedData/SipCheck-apticojzjwokpoevnvszvhgyxxva/Build/Intermediates.noindex/SipCheck.build/Debug-iphonesimulator/SipCheckUITests.build/SipCheckUITests-all-target-headers.hmap

WriteAuxiliaryFile /Users/runner/Library/Developer/Xcode/DerivedData/SipCheck-apticojzjwokpoevnvszvhgyxxva/Build/Intermediates.noindex/SipCheck.build/Debug-iphonesimulator/SipCheckUITests.build/SipCheckUITests-all-non-framework-target-headers.hmap (in target 'SipCheckUITests' from project 'SipCheck')
    cd /Users/runner/work/sipcheck/sipcheck
    write-file /Users/runner/Library/Developer/Xcode/DerivedData/SipCheck-apticojzjwokpoevnvszvhgyxxva/Build/Intermediates.noindex/SipCheck.build/Debug-iphonesimulator/SipCheckUITests.build/SipCheckUITests-all-non-framework-target-headers.hmap

WriteAuxiliaryFile /Users/runner/Library/Developer/Xcode/DerivedData/SipCheck-apticojzjwokpoevnvszvhgyxxva/Build/Intermediates.noindex/SipCheck.build/Debug-iphonesimulator/SipCheckUITests.build/ProductTypeInfoPlistAdditions.plist (in target 'SipCheckUITests' from project 'SipCheck')
    cd /Users/runner/work/sipcheck/sipcheck
    write-file /Users/runner/Library/Developer/Xcode/DerivedData/SipCheck-apticojzjwokpoevnvszvhgyxxva/Build/Intermediates.noindex/SipCheck.build/Debug-iphonesimulator/SipCheckUITests.build/ProductTypeInfoPlistAdditions.plist

WriteAuxiliaryFile /Users/runner/Library/Developer/Xcode/DerivedData/SipCheck-apticojzjwokpoevnvszvhgyxxva/Build/Intermediates.noindex/SipCheck.build/Debug-iphonesimulator/SipCheckUITests.build/Objects-normal/arm64/SipCheckUITests_const_extract_protocols.json (in target 'SipCheckUITests' from project 'SipCheck')
    cd /Users/runner/work/sipcheck/sipcheck
    write-file /Users/runner/Library/Developer/Xcode/DerivedData/SipCheck-apticojzjwokpoevnvszvhgyxxva/Build/Intermediates.noindex/SipCheck.build/Debug-iphonesimulator/SipCheckUITests.build/Objects-normal/arm64/SipCheckUITests_const_extract_protocols.json

WriteAuxiliaryFile /Users/runner/Library/Developer/Xcode/DerivedData/SipCheck-apticojzjwokpoevnvszvhgyxxva/Build/Intermediates.noindex/SipCheck.build/Debug-iphonesimulator/SipCheckUITests.build/Objects-normal/arm64/SipCheckUITests.SwiftFileList (in target 'SipCheckUITests' from project 'SipCheck')
    cd /Users/runner/work/sipcheck/sipcheck
    write-file /Users/runner/Library/Developer/Xcode/DerivedData/SipCheck-apticojzjwokpoevnvszvhgyxxva/Build/Intermediates.noindex/SipCheck.build/Debug-iphonesimulator/SipCheckUITests.build/Objects-normal/arm64/SipCheckUITests.SwiftFileList

WriteAuxiliaryFile /Users/runner/Library/Developer/Xcode/DerivedData/SipCheck-apticojzjwokpoevnvszvhgyxxva/Build/Intermediates.noindex/SipCheck.build/Debug-iphonesimulator/SipCheckUITests.build/Objects-normal/arm64/SipCheckUITests.SwiftConstValuesFileList (in target 'SipCheckUITests' from project 'SipCheck')
    cd /Users/runner/work/sipcheck/sipcheck
    write-file /Users/runner/Library/Developer/Xcode/DerivedData/SipCheck-apticojzjwokpoevnvszvhgyxxva/Build/Intermediates.noindex/SipCheck.build/Debug-iphonesimulator/SipCheckUITests.build/Objects-normal/arm64/SipCheckUITests.SwiftConstValuesFileList

WriteAuxiliaryFile /Users/runner/Library/Developer/Xcode/DerivedData/SipCheck-apticojzjwokpoevnvszvhgyxxva/Build/Intermediates.noindex/SipCheck.build/Debug-iphonesimulator/SipCheckUITests.build/Objects-normal/arm64/SipCheckUITests.LinkFileList (in target 'SipCheckUITests' from project 'SipCheck')
    cd /Users/runner/work/sipcheck/sipcheck
    write-file /Users/runner/Library/Developer/Xcode/DerivedData/SipCheck-apticojzjwokpoevnvszvhgyxxva/Build/Intermediates.noindex/SipCheck.build/Debug-iphonesimulator/SipCheckUITests.build/Objects-normal/arm64/SipCheckUITests.LinkFileList

WriteAuxiliaryFile /Users/runner/Library/Developer/Xcode/DerivedData/SipCheck-apticojzjwokpoevnvszvhgyxxva/Build/Intermediates.noindex/SipCheck.build/Debug-iphonesimulator/SipCheckUITests.build/Objects-normal/arm64/SipCheckUITests-OutputFileMap.json (in target 'SipCheckUITests' from project 'SipCheck')
    cd /Users/runner/work/sipcheck/sipcheck
    write-file /Users/runner/Library/Developer/Xcode/DerivedData/SipCheck-apticojzjwokpoevnvszvhgyxxva/Build/Intermediates.noindex/SipCheck.build/Debug-iphonesimulator/SipCheckUITests.build/Objects-normal/arm64/SipCheckUITests-OutputFileMap.json

WriteAuxiliaryFile /Users/runner/Library/Developer/Xcode/DerivedData/SipCheck-apticojzjwokpoevnvszvhgyxxva/Build/Intermediates.noindex/SipCheck.build/Debug-iphonesimulator/SipCheckUITests.build/DerivedSources/Entitlements-Simulated.plist (in target 'SipCheckUITests' from project 'SipCheck')
    cd /Users/runner/work/sipcheck/sipcheck
    write-file /Users/runner/Library/Developer/Xcode/DerivedData/SipCheck-apticojzjwokpoevnvszvhgyxxva/Build/Intermediates.noindex/SipCheck.build/Debug-iphonesimulator/SipCheckUITests.build/DerivedSources/Entitlements-Simulated.plist

WriteAuxiliaryFile /Users/runner/Library/Developer/Xcode/DerivedData/SipCheck-apticojzjwokpoevnvszvhgyxxva/Build/Intermediates.noindex/SipCheck.build/Debug-iphonesimulator/SipCheckTests.build/empty-SipCheckTests.plist (in target 'SipCheckTests' from project 'SipCheck')
    cd /Users/runner/work/sipcheck/sipcheck
    write-file /Users/runner/Library/Developer/Xcode/DerivedData/SipCheck-apticojzjwokpoevnvszvhgyxxva/Build/Intermediates.noindex/SipCheck.build/Debug-iphonesimulator/SipCheckTests.build/empty-SipCheckTests.plist

WriteAuxiliaryFile /Users/runner/Library/Developer/Xcode/DerivedData/SipCheck-apticojzjwokpoevnvszvhgyxxva/Build/Intermediates.noindex/SipCheck.build/Debug-iphonesimulator/SipCheckTests.build/SipCheckTests.hmap (in target 'SipCheckTests' from project 'SipCheck')
    cd /Users/runner/work/sipcheck/sipcheck
    write-file /Users/runner/Library/Developer/Xcode/DerivedData/SipCheck-apticojzjwokpoevnvszvhgyxxva/Build/Intermediates.noindex/SipCheck.build/Debug-iphonesimulator/SipCheckTests.build/SipCheckTests.hmap

WriteAuxiliaryFile /Users/runner/Library/Developer/Xcode/DerivedData/SipCheck-apticojzjwokpoevnvszvhgyxxva/Build/Intermediates.noindex/SipCheck.build/Debug-iphonesimulator/SipCheckTests.build/SipCheckTests.DependencyStaticMetadataFileList (in target 'SipCheckTests' from project 'SipCheck')
    cd /Users/runner/work/sipcheck/sipcheck
    write-file /Users/runner/Library/Developer/Xcode/DerivedData/SipCheck-apticojzjwokpoevnvszvhgyxxva/Build/Intermediates.noindex/SipCheck.build/Debug-iphonesimulator/SipCheckTests.build/SipCheckTests.DependencyStaticMetadataFileList

WriteAuxiliaryFile /Users/runner/Library/Developer/Xcode/DerivedData/SipCheck-apticojzjwokpoevnvszvhgyxxva/Build/Intermediates.noindex/SipCheck.build/Debug-iphonesimulator/SipCheckTests.build/SipCheckTests.DependencyMetadataFileList (in target 'SipCheckTests' from project 'SipCheck')
    cd /Users/runner/work/sipcheck/sipcheck
    write-file /Users/runner/Library/Developer/Xcode/DerivedData/SipCheck-apticojzjwokpoevnvszvhgyxxva/Build/Intermediates.noindex/SipCheck.build/Debug-iphonesimulator/SipCheckTests.build/SipCheckTests.DependencyMetadataFileList

WriteAuxiliaryFile /Users/runner/Library/Developer/Xcode/DerivedData/SipCheck-apticojzjwokpoevnvszvhgyxxva/Build/Intermediates.noindex/SipCheck.build/Debug-iphonesimulator/SipCheckTests.build/SipCheckTests-project-headers.hmap (in target 'SipCheckTests' from project 'SipCheck')
    cd /Users/runner/work/sipcheck/sipcheck
    write-file /Users/runner/Library/Developer/Xcode/DerivedData/SipCheck-apticojzjwokpoevnvszvhgyxxva/Build/Intermediates.noindex/SipCheck.build/Debug-iphonesimulator/SipCheckTests.build/SipCheckTests-project-headers.hmap

WriteAuxiliaryFile /Users/runner/Library/Developer/Xcode/DerivedData/SipCheck-apticojzjwokpoevnvszvhgyxxva/Build/Intermediates.noindex/SipCheck.build/Debug-iphonesimulator/SipCheckTests.build/SipCheckTests-own-target-headers.hmap (in target 'SipCheckTests' from project 'SipCheck')
    cd /Users/runner/work/sipcheck/sipcheck
    write-file /Users/runner/Library/Developer/Xcode/DerivedData/SipCheck-apticojzjwokpoevnvszvhgyxxva/Build/Intermediates.noindex/SipCheck.build/Debug-iphonesimulator/SipCheckTests.build/SipCheckTests-own-target-headers.hmap

WriteAuxiliaryFile /Users/runner/Library/Developer/Xcode/DerivedData/SipCheck-apticojzjwokpoevnvszvhgyxxva/Build/Intermediates.noindex/SipCheck.build/Debug-iphonesimulator/SipCheckTests.build/SipCheckTests-generated-files.hmap (in target 'SipCheckTests' from project 'SipCheck')
    cd /Users/runner/work/sipcheck/sipcheck
    write-file /Users/runner/Library/Developer/Xcode/DerivedData/SipCheck-apticojzjwokpoevnvszvhgyxxva/Build/Intermediates.noindex/SipCheck.build/Debug-iphonesimulator/SipCheckTests.build/SipCheckTests-generated-files.hmap

WriteAuxiliaryFile /Users/runner/Library/Developer/Xcode/DerivedData/SipCheck-apticojzjwokpoevnvszvhgyxxva/Build/Intermediates.noindex/SipCheck.build/Debug-iphonesimulator/SipCheckTests.build/SipCheckTests-all-target-headers.hmap (in target 'SipCheckTests' from project 'SipCheck')
    cd /Users/runner/work/sipcheck/sipcheck
    write-file /Users/runner/Library/Developer/Xcode/DerivedData/SipCheck-apticojzjwokpoevnvszvhgyxxva/Build/Intermediates.noindex/SipCheck.build/Debug-iphonesimulator/SipCheckTests.build/SipCheckTests-all-target-headers.hmap

WriteAuxiliaryFile /Users/runner/Library/Developer/Xcode/DerivedData/SipCheck-apticojzjwokpoevnvszvhgyxxva/Build/Intermediates.noindex/SipCheck.build/Debug-iphonesimulator/SipCheckTests.build/SipCheckTests-all-non-framework-target-headers.hmap (in target 'SipCheckTests' from project 'SipCheck')
    cd /Users/runner/work/sipcheck/sipcheck
    write-file /Users/runner/Library/Developer/Xcode/DerivedData/SipCheck-apticojzjwokpoevnvszvhgyxxva/Build/Intermediates.noindex/SipCheck.build/Debug-iphonesimulator/SipCheckTests.build/SipCheckTests-all-non-framework-target-headers.hmap

WriteAuxiliaryFile /Users/runner/Library/Developer/Xcode/DerivedData/SipCheck-apticojzjwokpoevnvszvhgyxxva/Build/Intermediates.noindex/SipCheck.build/Debug-iphonesimulator/SipCheckTests.build/Objects-normal/arm64/SipCheckTests_const_extract_protocols.json (in target 'SipCheckTests' from project 'SipCheck')
    cd /Users/runner/work/sipcheck/sipcheck
    write-file /Users/runner/Library/Developer/Xcode/DerivedData/SipCheck-apticojzjwokpoevnvszvhgyxxva/Build/Intermediates.noindex/SipCheck.build/Debug-iphonesimulator/SipCheckTests.build/Objects-normal/arm64/SipCheckTests_const_extract_protocols.json

WriteAuxiliaryFile /Users/runner/Library/Developer/Xcode/DerivedData/SipCheck-apticojzjwokpoevnvszvhgyxxva/Build/Intermediates.noindex/SipCheck.build/Debug-iphonesimulator/SipCheckTests.build/Objects-normal/arm64/SipCheckTests.SwiftFileList (in target 'SipCheckTests' from project 'SipCheck')
    cd /Users/runner/work/sipcheck/sipcheck
    write-file /Users/runner/Library/Developer/Xcode/DerivedData/SipCheck-apticojzjwokpoevnvszvhgyxxva/Build/Intermediates.noindex/SipCheck.build/Debug-iphonesimulator/SipCheckTests.build/Objects-normal/arm64/SipCheckTests.SwiftFileList

WriteAuxiliaryFile /Users/runner/Library/Developer/Xcode/DerivedData/SipCheck-apticojzjwokpoevnvszvhgyxxva/Build/Intermediates.noindex/SipCheck.build/Debug-iphonesimulator/SipCheckTests.build/Objects-normal/arm64/SipCheckTests.SwiftConstValuesFileList (in target 'SipCheckTests' from project 'SipCheck')
    cd /Users/runner/work/sipcheck/sipcheck
    write-file /Users/runner/Library/Developer/Xcode/DerivedData/SipCheck-apticojzjwokpoevnvszvhgyxxva/Build/Intermediates.noindex/SipCheck.build/Debug-iphonesimulator/SipCheckTests.build/Objects-normal/arm64/SipCheckTests.SwiftConstValuesFileList

WriteAuxiliaryFile /Users/runner/Library/Developer/Xcode/DerivedData/SipCheck-apticojzjwokpoevnvszvhgyxxva/Build/Intermediates.noindex/SipCheck.build/Debug-iphonesimulator/SipCheckTests.build/Objects-normal/arm64/SipCheckTests.LinkFileList (in target 'SipCheckTests' from project 'SipCheck')
    cd /Users/runner/work/sipcheck/sipcheck
    write-file /Users/runner/Library/Developer/Xcode/DerivedData/SipCheck-apticojzjwokpoevnvszvhgyxxva/Build/Intermediates.noindex/SipCheck.build/Debug-iphonesimulator/SipCheckTests.build/Objects-normal/arm64/SipCheckTests.LinkFileList

WriteAuxiliaryFile /Users/runner/Library/Developer/Xcode/DerivedData/SipCheck-apticojzjwokpoevnvszvhgyxxva/Build/Intermediates.noindex/SipCheck.build/Debug-iphonesimulator/SipCheckTests.build/Objects-normal/arm64/SipCheckTests-OutputFileMap.json (in target 'SipCheckTests' from project 'SipCheck')
    cd /Users/runner/work/sipcheck/sipcheck
    write-file /Users/runner/Library/Developer/Xcode/DerivedData/SipCheck-apticojzjwokpoevnvszvhgyxxva/Build/Intermediates.noindex/SipCheck.build/Debug-iphonesimulator/SipCheckTests.build/Objects-normal/arm64/SipCheckTests-OutputFileMap.json

WriteAuxiliaryFile /Users/runner/Library/Developer/Xcode/DerivedData/SipCheck-apticojzjwokpoevnvszvhgyxxva/Build/Intermediates.noindex/SipCheck.build/Debug-iphonesimulator/SipCheck.build/SipCheck.hmap (in target 'SipCheck' from project 'SipCheck')
    cd /Users/runner/work/sipcheck/sipcheck
    write-file /Users/runner/Library/Developer/Xcode/DerivedData/SipCheck-apticojzjwokpoevnvszvhgyxxva/Build/Intermediates.noindex/SipCheck.build/Debug-iphonesimulator/SipCheck.build/SipCheck.hmap

WriteAuxiliaryFile /Users/runner/Library/Developer/Xcode/DerivedData/SipCheck-apticojzjwokpoevnvszvhgyxxva/Build/Intermediates.noindex/SipCheck.build/Debug-iphonesimulator/SipCheck.build/SipCheck.DependencyStaticMetadataFileList (in target 'SipCheck' from project 'SipCheck')
    cd /Users/runner/work/sipcheck/sipcheck
    write-file /Users/runner/Library/Developer/Xcode/DerivedData/SipCheck-apticojzjwokpoevnvszvhgyxxva/Build/Intermediates.noindex/SipCheck.build/Debug-iphonesimulator/SipCheck.build/SipCheck.DependencyStaticMetadataFileList

WriteAuxiliaryFile /Users/runner/Library/Developer/Xcode/DerivedData/SipCheck-apticojzjwokpoevnvszvhgyxxva/Build/Intermediates.noindex/SipCheck.build/Debug-iphonesimulator/SipCheck.build/SipCheck.DependencyMetadataFileList (in target 'SipCheck' from project 'SipCheck')
    cd /Users/runner/work/sipcheck/sipcheck
    write-file /Users/runner/Library/Developer/Xcode/DerivedData/SipCheck-apticojzjwokpoevnvszvhgyxxva/Build/Intermediates.noindex/SipCheck.build/Debug-iphonesimulator/SipCheck.build/SipCheck.DependencyMetadataFileList

WriteAuxiliaryFile /Users/runner/Library/Developer/Xcode/DerivedData/SipCheck-apticojzjwokpoevnvszvhgyxxva/Build/Intermediates.noindex/SipCheck.build/Debug-iphonesimulator/SipCheck.build/SipCheck-project-headers.hmap (in target 'SipCheck' from project 'SipCheck')
    cd /Users/runner/work/sipcheck/sipcheck
    write-file /Users/runner/Library/Developer/Xcode/DerivedData/SipCheck-apticojzjwokpoevnvszvhgyxxva/Build/Intermediates.noindex/SipCheck.build/Debug-iphonesimulator/SipCheck.build/SipCheck-project-headers.hmap

WriteAuxiliaryFile /Users/runner/Library/Developer/Xcode/DerivedData/SipCheck-apticojzjwokpoevnvszvhgyxxva/Build/Intermediates.noindex/SipCheck.build/Debug-iphonesimulator/SipCheck.build/SipCheck-own-target-headers.hmap (in target 'SipCheck' from project 'SipCheck')
    cd /Users/runner/work/sipcheck/sipcheck
    write-file /Users/runner/Library/Developer/Xcode/DerivedData/SipCheck-apticojzjwokpoevnvszvhgyxxva/Build/Intermediates.noindex/SipCheck.build/Debug-iphonesimulator/SipCheck.build/SipCheck-own-target-headers.hmap

WriteAuxiliaryFile /Users/runner/Library/Developer/Xcode/DerivedData/SipCheck-apticojzjwokpoevnvszvhgyxxva/Build/Intermediates.noindex/SipCheck.build/Debug-iphonesimulator/SipCheck.build/SipCheck-generated-files.hmap (in target 'SipCheck' from project 'SipCheck')
    cd /Users/runner/work/sipcheck/sipcheck
    write-file /Users/runner/Library/Developer/Xcode/DerivedData/SipCheck-apticojzjwokpoevnvszvhgyxxva/Build/Intermediates.noindex/SipCheck.build/Debug-iphonesimulator/SipCheck.build/SipCheck-generated-files.hmap

WriteAuxiliaryFile /Users/runner/Library/Developer/Xcode/DerivedData/SipCheck-apticojzjwokpoevnvszvhgyxxva/Build/Intermediates.noindex/SipCheck.build/Debug-iphonesimulator/SipCheck.build/SipCheck-all-target-headers.hmap (in target 'SipCheck' from project 'SipCheck')
    cd /Users/runner/work/sipcheck/sipcheck
    write-file /Users/runner/Library/Developer/Xcode/DerivedData/SipCheck-apticojzjwokpoevnvszvhgyxxva/Build/Intermediates.noindex/SipCheck.build/Debug-iphonesimulator/SipCheck.build/SipCheck-all-target-headers.hmap

WriteAuxiliaryFile /Users/runner/Library/Developer/Xcode/DerivedData/SipCheck-apticojzjwokpoevnvszvhgyxxva/Build/Intermediates.noindex/SipCheck.build/Debug-iphonesimulator/SipCheck.build/SipCheck-all-non-framework-target-headers.hmap (in target 'SipCheck' from project 'SipCheck')
    cd /Users/runner/work/sipcheck/sipcheck
    write-file /Users/runner/Library/Developer/Xcode/DerivedData/SipCheck-apticojzjwokpoevnvszvhgyxxva/Build/Intermediates.noindex/SipCheck.build/Debug-iphonesimulator/SipCheck.build/SipCheck-all-non-framework-target-headers.hmap

WriteAuxiliaryFile /Users/runner/Library/Developer/Xcode/DerivedData/SipCheck-apticojzjwokpoevnvszvhgyxxva/Build/Intermediates.noindex/SipCheck.build/Debug-iphonesimulator/SipCheck.build/SipCheck-DebugDylibPath-normal-arm64.txt (in target 'SipCheck' from project 'SipCheck')
    cd /Users/runner/work/sipcheck/sipcheck
    write-file /Users/runner/Library/Developer/Xcode/DerivedData/SipCheck-apticojzjwokpoevnvszvhgyxxva/Build/Intermediates.noindex/SipCheck.build/Debug-iphonesimulator/SipCheck.build/SipCheck-DebugDylibPath-normal-arm64.txt

WriteAuxiliaryFile /Users/runner/Library/Developer/Xcode/DerivedData/SipCheck-apticojzjwokpoevnvszvhgyxxva/Build/Intermediates.noindex/SipCheck.build/Debug-iphonesimulator/SipCheck.build/SipCheck-DebugDylibInstallName-normal-arm64.txt (in target 'SipCheck' from project 'SipCheck')
    cd /Users/runner/work/sipcheck/sipcheck
    write-file /Users/runner/Library/Developer/Xcode/DerivedData/SipCheck-apticojzjwokpoevnvszvhgyxxva/Build/Intermediates.noindex/SipCheck.build/Debug-iphonesimulator/SipCheck.build/SipCheck-DebugDylibInstallName-normal-arm64.txt

WriteAuxiliaryFile /Users/runner/Library/Developer/Xcode/DerivedData/SipCheck-apticojzjwokpoevnvszvhgyxxva/Build/Intermediates.noindex/SipCheck.build/Debug-iphonesimulator/SipCheck.build/Objects-normal/arm64/SipCheck_const_extract_protocols.json (in target 'SipCheck' from project 'SipCheck')
    cd /Users/runner/work/sipcheck/sipcheck
    write-file /Users/runner/Library/Developer/Xcode/DerivedData/SipCheck-apticojzjwokpoevnvszvhgyxxva/Build/Intermediates.noindex/SipCheck.build/Debug-iphonesimulator/SipCheck.build/Objects-normal/arm64/SipCheck_const_extract_protocols.json

WriteAuxiliaryFile /Users/runner/Library/Developer/Xcode/DerivedData/SipCheck-apticojzjwokpoevnvszvhgyxxva/Build/Intermediates.noindex/SipCheck.build/Debug-iphonesimulator/SipCheck.build/Objects-normal/arm64/SipCheck.SwiftFileList (in target 'SipCheck' from project 'SipCheck')
    cd /Users/runner/work/sipcheck/sipcheck
    write-file /Users/runner/Library/Developer/Xcode/DerivedData/SipCheck-apticojzjwokpoevnvszvhgyxxva/Build/Intermediates.noindex/SipCheck.build/Debug-iphonesimulator/SipCheck.build/Objects-normal/arm64/SipCheck.SwiftFileList

WriteAuxiliaryFile /Users/runner/Library/Developer/Xcode/DerivedData/SipCheck-apticojzjwokpoevnvszvhgyxxva/Build/Intermediates.noindex/SipCheck.build/Debug-iphonesimulator/SipCheck.build/Objects-normal/arm64/SipCheck.SwiftConstValuesFileList (in target 'SipCheck' from project 'SipCheck')
    cd /Users/runner/work/sipcheck/sipcheck
    write-file /Users/runner/Library/Developer/Xcode/DerivedData/SipCheck-apticojzjwokpoevnvszvhgyxxva/Build/Intermediates.noindex/SipCheck.build/Debug-iphonesimulator/SipCheck.build/Objects-normal/arm64/SipCheck.SwiftConstValuesFileList

WriteAuxiliaryFile /Users/runner/Library/Developer/Xcode/DerivedData/SipCheck-apticojzjwokpoevnvszvhgyxxva/Build/Intermediates.noindex/SipCheck.build/Debug-iphonesimulator/SipCheck.build/Objects-normal/arm64/SipCheck.LinkFileList (in target 'SipCheck' from project 'SipCheck')
    cd /Users/runner/work/sipcheck/sipcheck
    write-file /Users/runner/Library/Developer/Xcode/DerivedData/SipCheck-apticojzjwokpoevnvszvhgyxxva/Build/Intermediates.noindex/SipCheck.build/Debug-iphonesimulator/SipCheck.build/Objects-normal/arm64/SipCheck.LinkFileList

WriteAuxiliaryFile /Users/runner/Library/Developer/Xcode/DerivedData/SipCheck-apticojzjwokpoevnvszvhgyxxva/Build/Intermediates.noindex/SipCheck.build/Debug-iphonesimulator/SipCheck.build/Objects-normal/arm64/SipCheck-OutputFileMap.json (in target 'SipCheck' from project 'SipCheck')
    cd /Users/runner/work/sipcheck/sipcheck
    write-file /Users/runner/Library/Developer/Xcode/DerivedData/SipCheck-apticojzjwokpoevnvszvhgyxxva/Build/Intermediates.noindex/SipCheck.build/Debug-iphonesimulator/SipCheck.build/Objects-normal/arm64/SipCheck-OutputFileMap.json

WriteAuxiliaryFile /Users/runner/Library/Developer/Xcode/DerivedData/SipCheck-apticojzjwokpoevnvszvhgyxxva/Build/Intermediates.noindex/SipCheck.build/Debug-iphonesimulator/SipCheck.build/DerivedSources/Entitlements-Simulated.plist (in target 'SipCheck' from project 'SipCheck')
    cd /Users/runner/work/sipcheck/sipcheck
    write-file /Users/runner/Library/Developer/Xcode/DerivedData/SipCheck-apticojzjwokpoevnvszvhgyxxva/Build/Intermediates.noindex/SipCheck.build/Debug-iphonesimulator/SipCheck.build/DerivedSources/Entitlements-Simulated.plist

MkDir /Users/runner/Library/Developer/Xcode/DerivedData/SipCheck-apticojzjwokpoevnvszvhgyxxva/Build/Products/Debug-iphonesimulator/SipCheckUITests-Runner.app/PlugIns/SipCheckUITests.xctest (in target 'SipCheckUITests' from project 'SipCheck')
    cd /Users/runner/work/sipcheck/sipcheck
    /bin/mkdir -p /Users/runner/Library/Developer/Xcode/DerivedData/SipCheck-apticojzjwokpoevnvszvhgyxxva/Build/Products/Debug-iphonesimulator/SipCheckUITests-Runner.app/PlugIns/SipCheckUITests.xctest

MkDir /Users/runner/Library/Developer/Xcode/DerivedData/SipCheck-apticojzjwokpoevnvszvhgyxxva/Build/Products/Debug-iphonesimulator/SipCheck.app/PlugIns (in target 'SipCheck' from project 'SipCheck')
    cd /Users/runner/work/sipcheck/sipcheck
    /bin/mkdir -p /Users/runner/Library/Developer/Xcode/DerivedData/SipCheck-apticojzjwokpoevnvszvhgyxxva/Build/Products/Debug-iphonesimulator/SipCheck.app/PlugIns

MkDir /Users/runner/Library/Developer/Xcode/DerivedData/SipCheck-apticojzjwokpoevnvszvhgyxxva/Build/Products/Debug-iphonesimulator/SipCheck.app/PlugIns/SipCheckTests.xctest (in target 'SipCheckTests' from project 'SipCheck')
    cd /Users/runner/work/sipcheck/sipcheck
    /bin/mkdir -p /Users/runner/Library/Developer/Xcode/DerivedData/SipCheck-apticojzjwokpoevnvszvhgyxxva/Build/Products/Debug-iphonesimulator/SipCheck.app/PlugIns/SipCheckTests.xctest

MkDir /Users/runner/Library/Developer/Xcode/DerivedData/SipCheck-apticojzjwokpoevnvszvhgyxxva/Build/Products/Debug-iphonesimulator/SipCheck.app/Frameworks (in target 'SipCheck' from project 'SipCheck')
    cd /Users/runner/work/sipcheck/sipcheck
    /bin/mkdir -p /Users/runner/Library/Developer/Xcode/DerivedData/SipCheck-apticojzjwokpoevnvszvhgyxxva/Build/Products/Debug-iphonesimulator/SipCheck.app/Frameworks

MkDir /Users/runner/Library/Developer/Xcode/DerivedData/SipCheck-apticojzjwokpoevnvszvhgyxxva/Build/Products/Debug-iphonesimulator/SipCheck.app (in target 'SipCheck' from project 'SipCheck')
    cd /Users/runner/work/sipcheck/sipcheck
    /bin/mkdir -p /Users/runner/Library/Developer/Xcode/DerivedData/SipCheck-apticojzjwokpoevnvszvhgyxxva/Build/Products/Debug-iphonesimulator/SipCheck.app

ProcessProductPackaging /Users/runner/work/sipcheck/sipcheck/SipCheck/SipCheck.entitlements /Users/runner/Library/Developer/Xcode/DerivedData/SipCheck-apticojzjwokpoevnvszvhgyxxva/Build/Intermediates.noindex/SipCheck.build/Debug-iphonesimulator/SipCheck.build/SipCheck.app-Simulated.xcent (in target 'SipCheck' from project 'SipCheck')
    cd /Users/runner/work/sipcheck/sipcheck
    
    Entitlements:
    
    {
    "application-identifier" = "YG7C25J24J.com.rishishah.sipcheck";
    "com.apple.developer.icloud-container-identifiers" =     (
        "iCloud.com.rishishah.sipcheck"
    );
    "com.apple.developer.icloud-services" =     (
        CloudKit
    );
    "com.apple.developer.ubiquity-kvstore-identifier" = "YG7C25J24J.com.rishishah.sipcheck";
}
    
    builtin-productPackagingUtility /Users/runner/work/sipcheck/sipcheck/SipCheck/SipCheck.entitlements -entitlements -format xml -o /Users/runner/Library/Developer/Xcode/DerivedData/SipCheck-apticojzjwokpoevnvszvhgyxxva/Build/Intermediates.noindex/SipCheck.build/Debug-iphonesimulator/SipCheck.build/SipCheck.app-Simulated.xcent

ProcessProductPackaging /Users/runner/work/sipcheck/sipcheck/SipCheck/SipCheck.entitlements /Users/runner/Library/Developer/Xcode/DerivedData/SipCheck-apticojzjwokpoevnvszvhgyxxva/Build/Intermediates.noindex/SipCheck.build/Debug-iphonesimulator/SipCheck.build/SipCheck.app.xcent (in target 'SipCheck' from project 'SipCheck')
    cd /Users/runner/work/sipcheck/sipcheck
    
    Entitlements:
    
    {
}
    
    builtin-productPackagingUtility /Users/runner/work/sipcheck/sipcheck/SipCheck/SipCheck.entitlements -entitlements -format xml -o /Users/runner/Library/Developer/Xcode/DerivedData/SipCheck-apticojzjwokpoevnvszvhgyxxva/Build/Intermediates.noindex/SipCheck.build/Debug-iphonesimulator/SipCheck.build/SipCheck.app.xcent

ProcessProductPackagingDER /Users/runner/Library/Developer/Xcode/DerivedData/SipCheck-apticojzjwokpoevnvszvhgyxxva/Build/Intermediates.noindex/SipCheck.build/Debug-iphonesimulator/SipCheck.build/SipCheck.app-Simulated.xcent /Users/runner/Library/Developer/Xcode/DerivedData/SipCheck-apticojzjwokpoevnvszvhgyxxva/Build/Intermediates.noindex/SipCheck.build/Debug-iphonesimulator/SipCheck.build/SipCheck.app-Simulated.xcent.der (in target 'SipCheck' from project 'SipCheck')
    cd /Users/runner/work/sipcheck/sipcheck
    /usr/bin/derq query -f xml -i /Users/runner/Library/Developer/Xcode/DerivedData/SipCheck-apticojzjwokpoevnvszvhgyxxva/Build/Intermediates.noindex/SipCheck.build/Debug-iphonesimulator/SipCheck.build/SipCheck.app-Simulated.xcent -o /Users/runner/Library/Developer/Xcode/DerivedData/SipCheck-apticojzjwokpoevnvszvhgyxxva/Build/Intermediates.noindex/SipCheck.build/Debug-iphonesimulator/SipCheck.build/SipCheck.app-Simulated.xcent.der --raw

ProcessProductPackagingDER /Users/runner/Library/Developer/Xcode/DerivedData/SipCheck-apticojzjwokpoevnvszvhgyxxva/Build/Intermediates.noindex/SipCheck.build/Debug-iphonesimulator/SipCheck.build/SipCheck.app.xcent /Users/runner/Library/Developer/Xcode/DerivedData/SipCheck-apticojzjwokpoevnvszvhgyxxva/Build/Intermediates.noindex/SipCheck.build/Debug-iphonesimulator/SipCheck.build/SipCheck.app.xcent.der (in target 'SipCheck' from project 'SipCheck')
    cd /Users/runner/work/sipcheck/sipcheck
    /usr/bin/derq query -f xml -i /Users/runner/Library/Developer/Xcode/DerivedData/SipCheck-apticojzjwokpoevnvszvhgyxxva/Build/Intermediates.noindex/SipCheck.build/Debug-iphonesimulator/SipCheck.build/SipCheck.app.xcent -o /Users/runner/Library/Developer/Xcode/DerivedData/SipCheck-apticojzjwokpoevnvszvhgyxxva/Build/Intermediates.noindex/SipCheck.build/Debug-iphonesimulator/SipCheck.build/SipCheck.app.xcent.der --raw

Ld /Users/runner/Library/Developer/Xcode/DerivedData/SipCheck-apticojzjwokpoevnvszvhgyxxva/Build/Products/Debug-iphonesimulator/SipCheck.app/__preview.dylib normal (in target 'SipCheck' from project 'SipCheck')
    cd /Users/runner/work/sipcheck/sipcheck
    /Applications/Xcode_26.3.app/Contents/Developer/Toolchains/XcodeDefault.xctoolchain/usr/bin/clang -Xlinker -reproducible -target arm64-apple-ios17.0-simulator -dynamiclib -isysroot /Applications/Xcode_26.3.app/Contents/Developer/Platforms/iPhoneSimulator.platform/Developer/SDKs/iPhoneSimulator26.2.sdk -O0 -L/Users/runner/Library/Developer/Xcode/DerivedData/SipCheck-apticojzjwokpoevnvszvhgyxxva/Build/Products/Debug-iphonesimulator -F/Users/runner/Library/Developer/Xcode/DerivedData/SipCheck-apticojzjwokpoevnvszvhgyxxva/Build/Products/Debug-iphonesimulator -install_name @rpath/SipCheck.debug.dylib -dead_strip -rdynamic -Xlinker -no_deduplicate -Xlinker -objc_abi_version -Xlinker 2 -Xlinker -debug_variant -Xlinker -dependency_info -Xlinker /Users/runner/Library/Developer/Xcode/DerivedData/SipCheck-apticojzjwokpoevnvszvhgyxxva/Build/Intermediates.noindex/SipCheck.build/Debug-iphonesimulator/SipCheck.build/Objects-normal/arm64/SipCheck_dependency_info.dat -Xlinker -sectcreate -Xlinker __TEXT -Xlinker __entitlements -Xlinker /Users/runner/Library/Developer/Xcode/DerivedData/SipCheck-apticojzjwokpoevnvszvhgyxxva/Build/Intermediates.noindex/SipCheck.build/Debug-iphonesimulator/SipCheck.build/SipCheck.app-Simulated.xcent -Xlinker -sectcreate -Xlinker __TEXT -Xlinker __ents_der -Xlinker /Users/runner/Library/Developer/Xcode/DerivedData/SipCheck-apticojzjwokpoevnvszvhgyxxva/Build/Intermediates.noindex/SipCheck.build/Debug-iphonesimulator/SipCheck.build/SipCheck.app-Simulated.xcent.der -Xlinker -no_adhoc_codesign -o /Users/runner/Library/Developer/Xcode/DerivedData/SipCheck-apticojzjwokpoevnvszvhgyxxva/Build/Products/Debug-iphonesimulator/SipCheck.app/__preview.dylib

MkDir /Users/runner/Library/Developer/Xcode/DerivedData/SipCheck-apticojzjwokpoevnvszvhgyxxva/Build/Intermediates.noindex/SipCheck.build/Debug-iphonesimulator/SipCheck.build/assetcatalog_output/unthinned (in target 'SipCheck' from project 'SipCheck')
    cd /Users/runner/work/sipcheck/sipcheck
    /bin/mkdir -p /Users/runner/Library/Developer/Xcode/DerivedData/SipCheck-apticojzjwokpoevnvszvhgyxxva/Build/Intermediates.noindex/SipCheck.build/Debug-iphonesimulator/SipCheck.build/assetcatalog_output/unthinned

MkDir /Users/runner/Library/Developer/Xcode/DerivedData/SipCheck-apticojzjwokpoevnvszvhgyxxva/Build/Intermediates.noindex/SipCheck.build/Debug-iphonesimulator/SipCheck.build/assetcatalog_output/thinned (in target 'SipCheck' from project 'SipCheck')
    cd /Users/runner/work/sipcheck/sipcheck
    /bin/mkdir -p /Users/runner/Library/Developer/Xcode/DerivedData/SipCheck-apticojzjwokpoevnvszvhgyxxva/Build/Intermediates.noindex/SipCheck.build/Debug-iphonesimulator/SipCheck.build/assetcatalog_output/thinned

GenerateAssetSymbols /Users/runner/work/sipcheck/sipcheck/SipCheck/Resources/Assets.xcassets (in target 'SipCheck' from project 'SipCheck')
    cd /Users/runner/work/sipcheck/sipcheck
    /Applications/Xcode_26.3.app/Contents/Developer/usr/bin/actool /Users/runner/work/sipcheck/sipcheck/SipCheck/Resources/Assets.xcassets --compile /Users/runner/Library/Developer/Xcode/DerivedData/SipCheck-apticojzjwokpoevnvszvhgyxxva/Build/Products/Debug-iphonesimulator/SipCheck.app --output-format human-readable-text --notices --warnings --export-dependency-info /Users/runner/Library/Developer/Xcode/DerivedData/SipCheck-apticojzjwokpoevnvszvhgyxxva/Build/Intermediates.noindex/SipCheck.build/Debug-iphonesimulator/SipCheck.build/assetcatalog_dependencies --output-partial-info-plist /Users/runner/Library/Developer/Xcode/DerivedData/SipCheck-apticojzjwokpoevnvszvhgyxxva/Build/Intermediates.noindex/SipCheck.build/Debug-iphonesimulator/SipCheck.build/assetcatalog_generated_info.plist --app-icon AppIcon --accent-color AccentColor --compress-pngs --enable-on-demand-resources YES --development-region en --target-device iphone --target-device ipad --minimum-deployment-target 17.0 --platform iphonesimulator --bundle-identifier com.rishishah.sipcheck --generate-swift-asset-symbols /Users/runner/Library/Developer/Xcode/DerivedData/SipCheck-apticojzjwokpoevnvszvhgyxxva/Build/Intermediates.noindex/SipCheck.build/Debug-iphonesimulator/SipCheck.build/DerivedSources/GeneratedAssetSymbols.swift --generate-objc-asset-symbols /Users/runner/Library/Developer/Xcode/DerivedData/SipCheck-apticojzjwokpoevnvszvhgyxxva/Build/Intermediates.noindex/SipCheck.build/Debug-iphonesimulator/SipCheck.build/DerivedSources/GeneratedAssetSymbols.h --generate-asset-symbol-index /Users/runner/Library/Developer/Xcode/DerivedData/SipCheck-apticojzjwokpoevnvszvhgyxxva/Build/Intermediates.noindex/SipCheck.build/Debug-iphonesimulator/SipCheck.build/DerivedSources/GeneratedAssetSymbols-Index.plist
/* com.apple.actool.compilation-results */
/Users/runner/Library/Developer/Xcode/DerivedData/SipCheck-apticojzjwokpoevnvszvhgyxxva/Build/Intermediates.noindex/SipCheck.build/Debug-iphonesimulator/SipCheck.build/DerivedSources/GeneratedAssetSymbols-Index.plist
/Users/runner/Library/Developer/Xcode/DerivedData/SipCheck-apticojzjwokpoevnvszvhgyxxva/Build/Intermediates.noindex/SipCheck.build/Debug-iphonesimulator/SipCheck.build/DerivedSources/GeneratedAssetSymbols.h
/Users/runner/Library/Developer/Xcode/DerivedData/SipCheck-apticojzjwokpoevnvszvhgyxxva/Build/Intermediates.noindex/SipCheck.build/Debug-iphonesimulator/SipCheck.build/DerivedSources/GeneratedAssetSymbols.swift


CpResource /Users/runner/Library/Developer/Xcode/DerivedData/SipCheck-apticojzjwokpoevnvszvhgyxxva/Build/Products/Debug-iphonesimulator/SipCheck.app/catalog.json /Users/runner/work/sipcheck/sipcheck/SipCheck/Resources/catalog.json (in target 'SipCheck' from project 'SipCheck')
    cd /Users/runner/work/sipcheck/sipcheck
    builtin-copy -exclude .DS_Store -exclude CVS -exclude .svn -exclude .git -exclude .hg -resolve-src-symlinks /Users/runner/work/sipcheck/sipcheck/SipCheck/Resources/catalog.json /Users/runner/Library/Developer/Xcode/DerivedData/SipCheck-apticojzjwokpoevnvszvhgyxxva/Build/Products/Debug-iphonesimulator/SipCheck.app

CpResource /Users/runner/Library/Developer/Xcode/DerivedData/SipCheck-apticojzjwokpoevnvszvhgyxxva/Build/Products/Debug-iphonesimulator/SipCheck.app/PrivacyInfo.xcprivacy /Users/runner/work/sipcheck/sipcheck/SipCheck/Resources/PrivacyInfo.xcprivacy (in target 'SipCheck' from project 'SipCheck')
    cd /Users/runner/work/sipcheck/sipcheck
    builtin-copy -exclude .DS_Store -exclude CVS -exclude .svn -exclude .git -exclude .hg -resolve-src-symlinks /Users/runner/work/sipcheck/sipcheck/SipCheck/Resources/PrivacyInfo.xcprivacy /Users/runner/Library/Developer/Xcode/DerivedData/SipCheck-apticojzjwokpoevnvszvhgyxxva/Build/Products/Debug-iphonesimulator/SipCheck.app

Copy /Users/runner/Library/Developer/Xcode/DerivedData/SipCheck-apticojzjwokpoevnvszvhgyxxva/Build/Products/Debug-iphonesimulator/SipCheck.app/Frameworks/libXCTestSwiftSupport.dylib /Applications/Xcode_26.3.app/Contents/Developer/Platforms/iPhoneSimulator.platform/Developer/usr/lib/libXCTestSwiftSupport.dylib (in target 'SipCheck' from project 'SipCheck')
    cd /Users/runner/work/sipcheck/sipcheck
    builtin-copy -exclude .DS_Store -exclude CVS -exclude .svn -exclude .git -exclude .hg -exclude Headers -exclude PrivateHeaders -exclude Modules -exclude \*.tbd -resolve-src-symlinks /Applications/Xcode_26.3.app/Contents/Developer/Platforms/iPhoneSimulator.platform/Developer/usr/lib/libXCTestSwiftSupport.dylib /Users/runner/Library/Developer/Xcode/DerivedData/SipCheck-apticojzjwokpoevnvszvhgyxxva/Build/Products/Debug-iphonesimulator/SipCheck.app/Frameworks

Copy /Users/runner/Library/Developer/Xcode/DerivedData/SipCheck-apticojzjwokpoevnvszvhgyxxva/Build/Products/Debug-iphonesimulator/SipCheck.app/Frameworks/libXCTestBundleInject.dylib /Applications/Xcode_26.3.app/Contents/Developer/Platforms/iPhoneSimulator.platform/Developer/usr/lib/libXCTestBundleInject.dylib (in target 'SipCheck' from project 'SipCheck')
    cd /Users/runner/work/sipcheck/sipcheck
    builtin-copy -exclude .DS_Store -exclude CVS -exclude .svn -exclude .git -exclude .hg -exclude Headers -exclude PrivateHeaders -exclude Modules -exclude \*.tbd -resolve-src-symlinks /Applications/Xcode_26.3.app/Contents/Developer/Platforms/iPhoneSimulator.platform/Developer/usr/lib/libXCTestBundleInject.dylib /Users/runner/Library/Developer/Xcode/DerivedData/SipCheck-apticojzjwokpoevnvszvhgyxxva/Build/Products/Debug-iphonesimulator/SipCheck.app/Frameworks

Copy /Users/runner/Library/Developer/Xcode/DerivedData/SipCheck-apticojzjwokpoevnvszvhgyxxva/Build/Products/Debug-iphonesimulator/SipCheck.app/Frameworks/XCUnit.framework /Applications/Xcode_26.3.app/Contents/Developer/Platforms/iPhoneSimulator.platform/Developer/Library/PrivateFrameworks/XCUnit.framework (in target 'SipCheck' from project 'SipCheck')
    cd /Users/runner/work/sipcheck/sipcheck
    builtin-copy -exclude .DS_Store -exclude CVS -exclude .svn -exclude .git -exclude .hg -exclude Headers -exclude PrivateHeaders -exclude Modules -exclude \*.tbd -resolve-src-symlinks /Applications/Xcode_26.3.app/Contents/Developer/Platforms/iPhoneSimulator.platform/Developer/Library/PrivateFrameworks/XCUnit.framework /Users/runner/Library/Developer/Xcode/DerivedData/SipCheck-apticojzjwokpoevnvszvhgyxxva/Build/Products/Debug-iphonesimulator/SipCheck.app/Frameworks

Copy /Users/runner/Library/Developer/Xcode/DerivedData/SipCheck-apticojzjwokpoevnvszvhgyxxva/Build/Products/Debug-iphonesimulator/SipCheck.app/Frameworks/XCUIAutomation.framework /Applications/Xcode_26.3.app/Contents/Developer/Platforms/iPhoneSimulator.platform/Developer/Library/Frameworks/XCUIAutomation.framework (in target 'SipCheck' from project 'SipCheck')
    cd /Users/runner/work/sipcheck/sipcheck
    builtin-copy -exclude .DS_Store -exclude CVS -exclude .svn -exclude .git -exclude .hg -exclude Headers -exclude PrivateHeaders -exclude Modules -exclude \*.tbd -resolve-src-symlinks /Applications/Xcode_26.3.app/Contents/Developer/Platforms/iPhoneSimulator.platform/Developer/Library/Frameworks/XCUIAutomation.framework /Users/runner/Library/Developer/Xcode/DerivedData/SipCheck-apticojzjwokpoevnvszvhgyxxva/Build/Products/Debug-iphonesimulator/SipCheck.app/Frameworks

Copy /Users/runner/Library/Developer/Xcode/DerivedData/SipCheck-apticojzjwokpoevnvszvhgyxxva/Build/Products/Debug-iphonesimulator/SipCheck.app/Frameworks/XCTestSupport.framework /Applications/Xcode_26.3.app/Contents/Developer/Platforms/iPhoneSimulator.platform/Developer/Library/PrivateFrameworks/XCTestSupport.framework (in target 'SipCheck' from project 'SipCheck')
    cd /Users/runner/work/sipcheck/sipcheck
    builtin-copy -exclude .DS_Store -exclude CVS -exclude .svn -exclude .git -exclude .hg -exclude Headers -exclude PrivateHeaders -exclude Modules -exclude \*.tbd -resolve-src-symlinks /Applications/Xcode_26.3.app/Contents/Developer/Platforms/iPhoneSimulator.platform/Developer/Library/PrivateFrameworks/XCTestSupport.framework /Users/runner/Library/Developer/Xcode/DerivedData/SipCheck-apticojzjwokpoevnvszvhgyxxva/Build/Products/Debug-iphonesimulator/SipCheck.app/Frameworks

Copy /Users/runner/Library/Developer/Xcode/DerivedData/SipCheck-apticojzjwokpoevnvszvhgyxxva/Build/Products/Debug-iphonesimulator/SipCheck.app/Frameworks/XCTestCore.framework /Applications/Xcode_26.3.app/Contents/Developer/Platforms/iPhoneSimulator.platform/Developer/Library/PrivateFrameworks/XCTestCore.framework (in target 'SipCheck' from project 'SipCheck')
    cd /Users/runner/work/sipcheck/sipcheck
    builtin-copy -exclude .DS_Store -exclude CVS -exclude .svn -exclude .git -exclude .hg -exclude Headers -exclude PrivateHeaders -exclude Modules -exclude \*.tbd -resolve-src-symlinks /Applications/Xcode_26.3.app/Contents/Developer/Platforms/iPhoneSimulator.platform/Developer/Library/PrivateFrameworks/XCTestCore.framework /Users/runner/Library/Developer/Xcode/DerivedData/SipCheck-apticojzjwokpoevnvszvhgyxxva/Build/Products/Debug-iphonesimulator/SipCheck.app/Frameworks

Copy /Users/runner/Library/Developer/Xcode/DerivedData/SipCheck-apticojzjwokpoevnvszvhgyxxva/Build/Products/Debug-iphonesimulator/SipCheck.app/Frameworks/XCTest.framework /Applications/Xcode_26.3.app/Contents/Developer/Platforms/iPhoneSimulator.platform/Developer/Library/Frameworks/XCTest.framework (in target 'SipCheck' from project 'SipCheck')
    cd /Users/runner/work/sipcheck/sipcheck
    builtin-copy -exclude .DS_Store -exclude CVS -exclude .svn -exclude .git -exclude .hg -exclude Headers -exclude PrivateHeaders -exclude Modules -exclude \*.tbd -resolve-src-symlinks /Applications/Xcode_26.3.app/Contents/Developer/Platforms/iPhoneSimulator.platform/Developer/Library/Frameworks/XCTest.framework /Users/runner/Library/Developer/Xcode/DerivedData/SipCheck-apticojzjwokpoevnvszvhgyxxva/Build/Products/Debug-iphonesimulator/SipCheck.app/Frameworks

Copy /Users/runner/Library/Developer/Xcode/DerivedData/SipCheck-apticojzjwokpoevnvszvhgyxxva/Build/Products/Debug-iphonesimulator/SipCheck.app/Frameworks/XCTAutomationSupport.framework /Applications/Xcode_26.3.app/Contents/Developer/Platforms/iPhoneSimulator.platform/Developer/Library/PrivateFrameworks/XCTAutomationSupport.framework (in target 'SipCheck' from project 'SipCheck')
    cd /Users/runner/work/sipcheck/sipcheck
    builtin-copy -exclude .DS_Store -exclude CVS -exclude .svn -exclude .git -exclude .hg -exclude Headers -exclude PrivateHeaders -exclude Modules -exclude \*.tbd -resolve-src-symlinks /Applications/Xcode_26.3.app/Contents/Developer/Platforms/iPhoneSimulator.platform/Developer/Library/PrivateFrameworks/XCTAutomationSupport.framework /Users/runner/Library/Developer/Xcode/DerivedData/SipCheck-apticojzjwokpoevnvszvhgyxxva/Build/Products/Debug-iphonesimulator/SipCheck.app/Frameworks

Copy /Users/runner/Library/Developer/Xcode/DerivedData/SipCheck-apticojzjwokpoevnvszvhgyxxva/Build/Products/Debug-iphonesimulator/SipCheck.app/Frameworks/Testing.framework /Applications/Xcode_26.3.app/Contents/Developer/Platforms/iPhoneSimulator.platform/Developer/Library/Frameworks/Testing.framework (in target 'SipCheck' from project 'SipCheck')
    cd /Users/runner/work/sipcheck/sipcheck
    builtin-copy -exclude .DS_Store -exclude CVS -exclude .svn -exclude .git -exclude .hg -exclude Headers -exclude PrivateHeaders -exclude Modules -exclude \*.tbd -resolve-src-symlinks /Applications/Xcode_26.3.app/Contents/Developer/Platforms/iPhoneSimulator.platform/Developer/Library/Frameworks/Testing.framework /Users/runner/Library/Developer/Xcode/DerivedData/SipCheck-apticojzjwokpoevnvszvhgyxxva/Build/Products/Debug-iphonesimulator/SipCheck.app/Frameworks

CompileAssetCatalogVariant thinned /Users/runner/Library/Developer/Xcode/DerivedData/SipCheck-apticojzjwokpoevnvszvhgyxxva/Build/Products/Debug-iphonesimulator/SipCheck.app /Users/runner/work/sipcheck/sipcheck/SipCheck/Resources/Assets.xcassets (in target 'SipCheck' from project 'SipCheck')
    cd /Users/runner/work/sipcheck/sipcheck
    /Applications/Xcode_26.3.app/Contents/Developer/usr/bin/actool /Users/runner/work/sipcheck/sipcheck/SipCheck/Resources/Assets.xcassets --compile /Users/runner/Library/Developer/Xcode/DerivedData/SipCheck-apticojzjwokpoevnvszvhgyxxva/Build/Intermediates.noindex/SipCheck.build/Debug-iphonesimulator/SipCheck.build/assetcatalog_output/thinned --output-format human-readable-text --notices --warnings --export-dependency-info /Users/runner/Library/Developer/Xcode/DerivedData/SipCheck-apticojzjwokpoevnvszvhgyxxva/Build/Intermediates.noindex/SipCheck.build/Debug-iphonesimulator/SipCheck.build/assetcatalog_dependencies_thinned --output-partial-info-plist /Users/runner/Library/Developer/Xcode/DerivedData/SipCheck-apticojzjwokpoevnvszvhgyxxva/Build/Intermediates.noindex/SipCheck.build/Debug-iphonesimulator/SipCheck.build/assetcatalog_generated_info.plist_thinned --app-icon AppIcon --accent-color AccentColor --compress-pngs --enable-on-demand-resources YES --filter-for-thinning-device-configuration iPhone14,6 --filter-for-device-os-version 26.2 --development-region en --target-device iphone --target-device ipad --minimum-deployment-target 17.0 --platform iphonesimulator
/* com.apple.actool.compilation-results */
/Users/runner/Library/Developer/Xcode/DerivedData/SipCheck-apticojzjwokpoevnvszvhgyxxva/Build/Intermediates.noindex/SipCheck.build/Debug-iphonesimulator/SipCheck.build/assetcatalog_generated_info.plist_thinned
/Users/runner/Library/Developer/Xcode/DerivedData/SipCheck-apticojzjwokpoevnvszvhgyxxva/Build/Intermediates.noindex/SipCheck.build/Debug-iphonesimulator/SipCheck.build/assetcatalog_output/thinned/AppIcon60x60@2x.png
/Users/runner/Library/Developer/Xcode/DerivedData/SipCheck-apticojzjwokpoevnvszvhgyxxva/Build/Intermediates.noindex/SipCheck.build/Debug-iphonesimulator/SipCheck.build/assetcatalog_output/thinned/AppIcon76x76@2x~ipad.png
/Users/runner/Library/Developer/Xcode/DerivedData/SipCheck-apticojzjwokpoevnvszvhgyxxva/Build/Intermediates.noindex/SipCheck.build/Debug-iphonesimulator/SipCheck.build/assetcatalog_output/thinned/Assets.car


SwiftDriver SipCheck normal arm64 com.apple.xcode.tools.swift.compiler (in target 'SipCheck' from project 'SipCheck')
    cd /Users/runner/work/sipcheck/sipcheck
    builtin-SwiftDriver -- /Applications/Xcode_26.3.app/Contents/Developer/Toolchains/XcodeDefault.xctoolchain/usr/bin/swiftc -module-name SipCheck -Onone -enforce-exclusivity\=checked @/Users/runner/Library/Developer/Xcode/DerivedData/SipCheck-apticojzjwokpoevnvszvhgyxxva/Build/Intermediates.noindex/SipCheck.build/Debug-iphonesimulator/SipCheck.build/Objects-normal/arm64/SipCheck.SwiftFileList -DDEBUG -enable-bare-slash-regex -enable-experimental-feature DebugDescriptionMacro -sdk /Applications/Xcode_26.3.app/Contents/Developer/Platforms/iPhoneSimulator.platform/Developer/SDKs/iPhoneSimulator26.2.sdk -target arm64-apple-ios17.0-simulator -g -module-cache-path /Users/runner/Library/Developer/Xcode/DerivedData/ModuleCache.noindex -Xfrontend -serialize-debugging-options -profile-coverage-mapping -profile-generate -enable-testing -index-store-path /Users/runner/Library/Developer/Xcode/DerivedData/SipCheck-apticojzjwokpoevnvszvhgyxxva/Index.noindex/DataStore -Xcc -D_LIBCPP_HARDENING_MODE\=_LIBCPP_HARDENING_MODE_DEBUG -swift-version 5 -I /Users/runner/Library/Developer/Xcode/DerivedData/SipCheck-apticojzjwokpoevnvszvhgyxxva/Build/Products/Debug-iphonesimulator -F /Users/runner/Library/Developer/Xcode/DerivedData/SipCheck-apticojzjwokpoevnvszvhgyxxva/Build/Products/Debug-iphonesimulator -emit-localized-strings -emit-localized-strings-path /Users/runner/Library/Developer/Xcode/DerivedData/SipCheck-apticojzjwokpoevnvszvhgyxxva/Build/Intermediates.noindex/SipCheck.build/Debug-iphonesimulator/SipCheck.build/Objects-normal/arm64 -c -j3 -enable-batch-mode -incremental -Xcc -ivfsstatcache -Xcc /Users/runner/Library/Developer/Xcode/DerivedData/SDKStatCaches.noindex/iphonesimulator26.2-23C57-dc75598d0054f22ec865fa860f139d72e244bd9a5feaf902f95f61bf06266e52.sdkstatcache -output-file-map /Users/runner/Library/Developer/Xcode/DerivedData/SipCheck-apticojzjwokpoevnvszvhgyxxva/Build/Intermediates.noindex/SipCheck.build/Debug-iphonesimulator/SipCheck.build/Objects-normal/arm64/SipCheck-OutputFileMap.json -use-frontend-parseable-output -save-temps -no-color-diagnostics -explicit-module-build -module-cache-path /Users/runner/Library/Developer/Xcode/DerivedData/SipCheck-apticojzjwokpoevnvszvhgyxxva/Build/Intermediates.noindex/SwiftExplicitPrecompiledModules -clang-scanner-module-cache-path /Users/runner/Library/Developer/Xcode/DerivedData/ModuleCache.noindex -sdk-module-cache-path /Users/runner/Library/Developer/Xcode/DerivedData/ModuleCache.noindex -serialize-diagnostics -emit-dependencies -emit-module -emit-module-path /Users/runner/Library/Developer/Xcode/DerivedData/SipCheck-apticojzjwokpoevnvszvhgyxxva/Build/Intermediates.noindex/SipCheck.build/Debug-iphonesimulator/SipCheck.build/Objects-normal/arm64/SipCheck.swiftmodule -validate-clang-modules-once -clang-build-session-file /Users/runner/Library/Developer/Xcode/DerivedData/ModuleCache.noindex/Session.modulevalidation -Xcc -I/Users/runner/Library/Developer/Xcode/DerivedData/SipCheck-apticojzjwokpoevnvszvhgyxxva/Build/Intermediates.noindex/SipCheck.build/Debug-iphonesimulator/SipCheck.build/swift-overrides.hmap -emit-const-values -Xfrontend -const-gather-protocols-file -Xfrontend /Users/runner/Library/Developer/Xcode/DerivedData/SipCheck-apticojzjwokpoevnvszvhgyxxva/Build/Intermediates.noindex/SipCheck.build/Debug-iphonesimulator/SipCheck.build/Objects-normal/arm64/SipCheck_const_extract_protocols.json -Xcc -iquote -Xcc /Users/runner/Library/Developer/Xcode/DerivedData/SipCheck-apticojzjwokpoevnvszvhgyxxva/Build/Intermediates.noindex/SipCheck.build/Debug-iphonesimulator/SipCheck.build/SipCheck-generated-files.hmap -Xcc -I/Users/runner/Library/Developer/Xcode/DerivedData/SipCheck-apticojzjwokpoevnvszvhgyxxva/Build/Intermediates.noindex/SipCheck.build/Debug-iphonesimulator/SipCheck.build/SipCheck-own-target-headers.hmap -Xcc -I/Users/runner/Library/Developer/Xcode/DerivedData/SipCheck-apticojzjwokpoevnvszvhgyxxva/Build/Intermediates.noindex/SipCheck.build/Debug-iphonesimulator/SipCheck.build/SipCheck-all-target-headers.hmap -Xcc -iquote -Xcc /Users/runner/Library/Developer/Xcode/DerivedData/SipCheck-apticojzjwokpoevnvszvhgyxxva/Build/Intermediates.noindex/SipCheck.build/Debug-iphonesimulator/SipCheck.build/SipCheck-project-headers.hmap -Xcc -I/Users/runner/Library/Developer/Xcode/DerivedData/SipCheck-apticojzjwokpoevnvszvhgyxxva/Build/Products/Debug-iphonesimulator/include -Xcc -I/Users/runner/Library/Developer/Xcode/DerivedData/SipCheck-apticojzjwokpoevnvszvhgyxxva/Build/Intermediates.noindex/SipCheck.build/Debug-iphonesimulator/SipCheck.build/DerivedSources-normal/arm64 -Xcc -I/Users/runner/Library/Developer/Xcode/DerivedData/SipCheck-apticojzjwokpoevnvszvhgyxxva/Build/Intermediates.noindex/SipCheck.build/Debug-iphonesimulator/SipCheck.build/DerivedSources/arm64 -Xcc -I/Users/runner/Library/Developer/Xcode/DerivedData/SipCheck-apticojzjwokpoevnvszvhgyxxva/Build/Intermediates.noindex/SipCheck.build/Debug-iphonesimulator/SipCheck.build/DerivedSources -Xcc -DDEBUG\=1 -emit-objc-header -emit-objc-header-path /Users/runner/Library/Developer/Xcode/DerivedData/SipCheck-apticojzjwokpoevnvszvhgyxxva/Build/Intermediates.noindex/SipCheck.build/Debug-iphonesimulator/SipCheck.build/Objects-normal/arm64/SipCheck-Swift.h -working-directory /Users/runner/work/sipcheck/sipcheck -experimental-emit-module-separately -disable-cmo

SwiftExplicitDependencyGeneratePcm arm64 /Users/runner/Library/Developer/Xcode/DerivedData/ModuleCache.noindex/_Builtin_stdarg-80ZVKY6E4LAN7AUQTEVS4RY7V.pcm

SwiftExplicitDependencyGeneratePcm arm64 /Users/runner/Library/Developer/Xcode/DerivedData/ModuleCache.noindex/_SwiftConcurrencyShims-8BG66MPCCFZ034WL46G8AIOMU.pcm

SwiftExplicitDependencyGeneratePcm arm64 /Users/runner/Library/Developer/Xcode/DerivedData/ModuleCache.noindex/_Builtin_stddef-7E87Y9J0BNCH4XX2IAP5XDESI.pcm

SwiftExplicitDependencyGeneratePcm arm64 /Users/runner/Library/Developer/Xcode/DerivedData/ModuleCache.noindex/_Builtin_stdbool-1UXPX3B11292KP95VIAL067GG.pcm

SwiftExplicitDependencyGeneratePcm arm64 /Users/runner/Library/Developer/Xcode/DerivedData/ModuleCache.noindex/_AvailabilityInternal-4V57YXGECA9I7A18YE4AZ18UT.pcm

SwiftExplicitDependencyGeneratePcm arm64 /Users/runner/Library/Developer/Xcode/DerivedData/ModuleCache.noindex/ptrcheck-6MBIPEOAY3QFNOGD7KTTMFJDP.pcm

SwiftExplicitDependencyGeneratePcm arm64 /Users/runner/Library/Developer/Xcode/DerivedData/ModuleCache.noindex/ptrauth-CZL36FG0U9UDJOEX9L3FXUWIA.pcm

SwiftExplicitDependencyGeneratePcm arm64 /Users/runner/Library/Developer/Xcode/DerivedData/ModuleCache.noindex/DeveloperToolsSupport-33CWZXW11OZOMTWZRLCD0C8RL.pcm

SwiftExplicitDependencyGeneratePcm arm64 /Users/runner/Library/Developer/Xcode/DerivedData/ModuleCache.noindex/_DarwinFoundation1-3G1G2HIAH6SIFQYIS4IGRG9K5.pcm

SwiftExplicitDependencyGeneratePcm arm64 /Users/runner/Library/Developer/Xcode/DerivedData/ModuleCache.noindex/_Builtin_float-6MDK9TTC7Y990V1SQ766WW7N3.pcm

SwiftExplicitDependencyGeneratePcm arm64 /Users/runner/Library/Developer/Xcode/DerivedData/ModuleCache.noindex/SwiftShims-6LCDW2X4QH61HTTYRGLQBESQW.pcm

SwiftExplicitDependencyGeneratePcm arm64 /Users/runner/Library/Developer/Xcode/DerivedData/ModuleCache.noindex/_Builtin_limits-2GYMI6Y6AKJGFCC0QMUX60YK3.pcm

SwiftExplicitDependencyGeneratePcm arm64 /Users/runner/Library/Developer/Xcode/DerivedData/ModuleCache.noindex/ExtensionFoundation-CXYWUSQ9TKWVS8IQZEJIA1KEN.pcm

SwiftExplicitDependencyGeneratePcm arm64 /Users/runner/Library/Developer/Xcode/DerivedData/ModuleCache.noindex/_DarwinFoundation2-B5497BU8ON93WYKD76E2W130A.pcm

SwiftExplicitDependencyGeneratePcm arm64 /Users/runner/Library/Developer/Xcode/DerivedData/ModuleCache.noindex/_Builtin_tgmath-2Z1ASP3VD7IZJNZW2BCQAV4TS.pcm

SwiftExplicitDependencyGeneratePcm arm64 /Users/runner/Library/Developer/Xcode/DerivedData/ModuleCache.noindex/sys_types-5QLYYOGRMBZAAHJJMAP88HZNN.pcm

SwiftExplicitDependencyGeneratePcm arm64 /Users/runner/Library/Developer/Xcode/DerivedData/ModuleCache.noindex/_Builtin_stdint-1OVBP598DZ3VJ55SGHRZ1C4D9.pcm

SwiftExplicitDependencyGeneratePcm arm64 /Users/runner/Library/Developer/Xcode/DerivedData/ModuleCache.noindex/_Builtin_intrinsics-DR6RSGL8IBBY2GG5306ZP0H13.pcm

SwiftExplicitDependencyGeneratePcm arm64 /Users/runner/Library/Developer/Xcode/DerivedData/ModuleCache.noindex/_DarwinFoundation3-C8UVO5ZVDG973VE3DX4T12OBK.pcm

SwiftExplicitDependencyGeneratePcm arm64 /Users/runner/Library/Developer/Xcode/DerivedData/ModuleCache.noindex/_Builtin_stdatomic-2XZ8UROLTLCI13Y1JP6QH2LP0.pcm

SwiftExplicitDependencyGeneratePcm arm64 /Users/runner/Library/Developer/Xcode/DerivedData/ModuleCache.noindex/_Builtin_inttypes-4Z6A8UX8B0YZJH0KTX924DI7X.pcm

SwiftExplicitDependencyGeneratePcm arm64 /Users/runner/Library/Developer/Xcode/DerivedData/ModuleCache.noindex/simd-DBMJFF248XW8DXTA4QUHZJ1WZ.pcm

SwiftExplicitDependencyGeneratePcm arm64 /Users/runner/Library/Developer/Xcode/DerivedData/ModuleCache.noindex/Darwin-6ZVD5NW04TCIQZ8726EP05A39.pcm

SwiftExplicitDependencyGeneratePcm arm64 /Users/runner/Library/Developer/Xcode/DerivedData/ModuleCache.noindex/MachO-4CQBMVXBOKSK2C9Z6XSTZSW3S.pcm

SwiftExplicitDependencyGeneratePcm arm64 /Users/runner/Library/Developer/Xcode/DerivedData/ModuleCache.noindex/ObjectiveC-2IRV0CDRUFRYGXQH66GKVC4XR.pcm

SwiftExplicitDependencyGeneratePcm arm64 /Users/runner/Library/Developer/Xcode/DerivedData/ModuleCache.noindex/Spatial-1LRC6TAWALEGJUK2Q5BJGPWS5.pcm

SwiftExplicitDependencyGeneratePcm arm64 /Users/runner/Library/Developer/Xcode/DerivedData/ModuleCache.noindex/os_object-2758PO7LAOX6UMJPKISAZH9YU.pcm

SwiftExplicitDependencyGeneratePcm arm64 /Users/runner/Library/Developer/Xcode/DerivedData/ModuleCache.noindex/os_workgroup-BWFEHK3FDZ9DKOBII1N6WWDLI.pcm

SwiftExplicitDependencyGeneratePcm arm64 /Users/runner/Library/Developer/Xcode/DerivedData/ModuleCache.noindex/Dispatch-43L2DSGUH8RHE0QR4Q83CQF9C.pcm

SwiftExplicitDependencyGeneratePcm arm64 /Users/runner/Library/Developer/Xcode/DerivedData/ModuleCache.noindex/dnssd-EMZ5FTLAWBHNNLCX8V0L0GE69.pcm

SwiftExplicitDependencyGeneratePcm arm64 /Users/runner/Library/Developer/Xcode/DerivedData/ModuleCache.noindex/XPC-CPXSBW94ITF2WX3R678JNHCYF.pcm

SwiftExplicitDependencyGeneratePcm arm64 /Users/runner/Library/Developer/Xcode/DerivedData/ModuleCache.noindex/CoreFoundation-AJWFL3GD51D9IUVH2LV6D6HP2.pcm

SwiftExplicitDependencyGeneratePcm arm64 /Users/runner/Library/Developer/Xcode/DerivedData/ModuleCache.noindex/os-BDOG33IB6KQOBMDJOUNVF3T9M.pcm

SwiftExplicitDependencyGeneratePcm arm64 /Users/runner/Library/Developer/Xcode/DerivedData/ModuleCache.noindex/CFNetwork-ASE9SLVVXF6GUCM7S844D8K9C.pcm

SwiftExplicitDependencyGeneratePcm arm64 /Users/runner/Library/Developer/Xcode/DerivedData/ModuleCache.noindex/CoreGraphics-CTHKLL96U3DCYFOSTO6MXH930.pcm

SwiftExplicitDependencyGeneratePcm arm64 /Users/runner/Library/Developer/Xcode/DerivedData/ModuleCache.noindex/Security-54VT4O3II9P0ST7N8CF014ESH.pcm

SwiftExplicitDependencyGeneratePcm arm64 /Users/runner/Library/Developer/Xcode/DerivedData/ModuleCache.noindex/CoreAudioTypes-4LR6M65Z6YLB8E9JBZXJ6H09C.pcm

SwiftExplicitDependencyGeneratePcm arm64 /Users/runner/Library/Developer/Xcode/DerivedData/ModuleCache.noindex/CoreText-F58TJC839JZB2DJ01TC1Z4YHL.pcm

SwiftExplicitDependencyGeneratePcm arm64 /Users/runner/Library/Developer/Xcode/DerivedData/ModuleCache.noindex/CoreAudio-1JHUEYMCOMZUR5TXZ7EC9OWP5.pcm

SwiftExplicitDependencyGeneratePcm arm64 /Users/runner/Library/Developer/Xcode/DerivedData/ModuleCache.noindex/ImageIO-6PBSX0EYTP8X400C9MG4LADUX.pcm

SwiftExplicitDependencyGeneratePcm arm64 /Users/runner/Library/Developer/Xcode/DerivedData/ModuleCache.noindex/Foundation-7HFQENLCUQJQREKF9ZLJ50PC5.pcm

SwiftExplicitDependencyGeneratePcm arm64 /Users/runner/Library/Developer/Xcode/DerivedData/ModuleCache.noindex/CoreData-EVB5CDSP53FTVTC07TU1YORII.pcm

SwiftExplicitDependencyGeneratePcm arm64 /Users/runner/Library/Developer/Xcode/DerivedData/ModuleCache.noindex/UniformTypeIdentifiers-2S1BDQTEKO5TI7VAWKY25YF5F.pcm

SwiftExplicitDependencyGeneratePcm arm64 /Users/runner/Library/Developer/Xcode/DerivedData/ModuleCache.noindex/FileProvider-DV9JY4DMOYOUNB5ZGBVDL2JXP.pcm

SwiftExplicitDependencyGeneratePcm arm64 /Users/runner/Library/Developer/Xcode/DerivedData/ModuleCache.noindex/UserNotifications-5GKI6XQ86U8Q1TD2H7CXMXQDD.pcm

SwiftExplicitDependencyGeneratePcm arm64 /Users/runner/Library/Developer/Xcode/DerivedData/ModuleCache.noindex/DataDetection-1TMDP7GX8NWQVAM8USPT5JMD3.pcm

SwiftExplicitDependencyGeneratePcm arm64 /Users/runner/Library/Developer/Xcode/DerivedData/ModuleCache.noindex/OpenGLES-6KMO59LISEY5AL07BUBBCDPOH.pcm

SwiftExplicitDependencyGeneratePcm arm64 /Users/runner/Library/Developer/Xcode/DerivedData/ModuleCache.noindex/Network-DEXPE07AE5VZXCGTBVE1AVZK0.pcm

SwiftExplicitDependencyGeneratePcm arm64 /Users/runner/Library/Developer/Xcode/DerivedData/ModuleCache.noindex/OSLog-BP9Q4EAVMM7Y34WGM0BO48XTJ.pcm

SwiftExplicitDependencyGeneratePcm arm64 /Users/runner/Library/Developer/Xcode/DerivedData/ModuleCache.noindex/_LocationEssentials-4KKALQ8I5LIQIUYGQ6XKCZ7U.pcm

SwiftExplicitDependencyGeneratePcm arm64 /Users/runner/Library/Developer/Xcode/DerivedData/ModuleCache.noindex/AVRouting-7X01VG0PO9Z9KLVXFMAE6TCK3.pcm

SwiftExplicitDependencyGeneratePcm arm64 /Users/runner/Library/Developer/Xcode/DerivedData/ModuleCache.noindex/Symbols-D5QQG547RCDBUN3J9S5LKUM2S.pcm

SwiftExplicitDependencyGeneratePcm arm64 /Users/runner/Library/Developer/Xcode/DerivedData/ModuleCache.noindex/CoreLocation-DMAPPBH0GUP37EDJ0RNGZIA4E.pcm

SwiftExplicitDependencyGeneratePcm arm64 /Users/runner/Library/Developer/Xcode/DerivedData/ModuleCache.noindex/CoreTransferable-5JEXE1NIWJVMJ3EYIBJBURR9K.pcm

SwiftExplicitDependencyGeneratePcm arm64 /Users/runner/Library/Developer/Xcode/DerivedData/ModuleCache.noindex/Accessibility-6FG87DK9SPI4T0QHFCHM4NFZE.pcm

SwiftExplicitDependencyGeneratePcm arm64 /Users/runner/Library/Developer/Xcode/DerivedData/ModuleCache.noindex/IOSurface-4C7FWRJH8NB3N52BUKSWZONAS.pcm

SwiftExplicitDependencyGeneratePcm arm64 /Users/runner/Library/Developer/Xcode/DerivedData/ModuleCache.noindex/CloudKit-3BVDA4AR6TWM63B0Q3YWGVJA6.pcm

SwiftExplicitDependencyGeneratePcm arm64 /Users/runner/Library/Developer/Xcode/DerivedData/ModuleCache.noindex/BackgroundAssets-42OHK4BNIZY2ECL1051BLKQZ9.pcm

SwiftExplicitDependencyGeneratePcm arm64 /Users/runner/Library/Developer/Xcode/DerivedData/ModuleCache.noindex/CoreMIDI-SLA7BSRTVLMKU05GD72WRKK7.pcm

SwiftExplicitDependencyGeneratePcm arm64 /Users/runner/Library/Developer/Xcode/DerivedData/ModuleCache.noindex/UIUtilities-202TAD0X89CDF4MKIHELUTP14.pcm

SwiftExplicitDependencyGeneratePcm arm64 /Users/runner/Library/Developer/Xcode/DerivedData/ModuleCache.noindex/Metal-52IQ97TX69Z6C2TZ3UKJUJSXC.pcm

LinkAssetCatalog /Users/runner/work/sipcheck/sipcheck/SipCheck/Resources/Assets.xcassets (in target 'SipCheck' from project 'SipCheck')
    cd /Users/runner/work/sipcheck/sipcheck
    builtin-linkAssetCatalog --thinned /Users/runner/Library/Developer/Xcode/DerivedData/SipCheck-apticojzjwokpoevnvszvhgyxxva/Build/Intermediates.noindex/SipCheck.build/Debug-iphonesimulator/SipCheck.build/assetcatalog_output/thinned --thinned-dependencies /Users/runner/Library/Developer/Xcode/DerivedData/SipCheck-apticojzjwokpoevnvszvhgyxxva/Build/Intermediates.noindex/SipCheck.build/Debug-iphonesimulator/SipCheck.build/assetcatalog_dependencies_thinned --thinned-info-plist-content /Users/runner/Library/Developer/Xcode/DerivedData/SipCheck-apticojzjwokpoevnvszvhgyxxva/Build/Intermediates.noindex/SipCheck.build/Debug-iphonesimulator/SipCheck.build/assetcatalog_generated_info.plist_thinned --unthinned /Users/runner/Library/Developer/Xcode/DerivedData/SipCheck-apticojzjwokpoevnvszvhgyxxva/Build/Intermediates.noindex/SipCheck.build/Debug-iphonesimulator/SipCheck.build/assetcatalog_output/unthinned --unthinned-dependencies /Users/runner/Library/Developer/Xcode/DerivedData/SipCheck-apticojzjwokpoevnvszvhgyxxva/Build/Intermediates.noindex/SipCheck.build/Debug-iphonesimulator/SipCheck.build/assetcatalog_dependencies_unthinned --unthinned-info-plist-content /Users/runner/Library/Developer/Xcode/DerivedData/SipCheck-apticojzjwokpoevnvszvhgyxxva/Build/Intermediates.noindex/SipCheck.build/Debug-iphonesimulator/SipCheck.build/assetcatalog_generated_info.plist_unthinned --output /Users/runner/Library/Developer/Xcode/DerivedData/SipCheck-apticojzjwokpoevnvszvhgyxxva/Build/Products/Debug-iphonesimulator/SipCheck.app --plist-output /Users/runner/Library/Developer/Xcode/DerivedData/SipCheck-apticojzjwokpoevnvszvhgyxxva/Build/Intermediates.noindex/SipCheck.build/Debug-iphonesimulator/SipCheck.build/assetcatalog_generated_info.plist
note: Emplaced /Users/runner/Library/Developer/Xcode/DerivedData/SipCheck-apticojzjwokpoevnvszvhgyxxva/Build/Products/Debug-iphonesimulator/SipCheck.app/AppIcon76x76@2x~ipad.png (in target 'SipCheck' from project 'SipCheck')
note: Emplaced /Users/runner/Library/Developer/Xcode/DerivedData/SipCheck-apticojzjwokpoevnvszvhgyxxva/Build/Products/Debug-iphonesimulator/SipCheck.app/Assets.car (in target 'SipCheck' from project 'SipCheck')
note: Emplaced /Users/runner/Library/Developer/Xcode/DerivedData/SipCheck-apticojzjwokpoevnvszvhgyxxva/Build/Products/Debug-iphonesimulator/SipCheck.app/AppIcon60x60@2x.png (in target 'SipCheck' from project 'SipCheck')

ProcessInfoPlistFile /Users/runner/Library/Developer/Xcode/DerivedData/SipCheck-apticojzjwokpoevnvszvhgyxxva/Build/Products/Debug-iphonesimulator/SipCheck.app/Info.plist /Users/runner/work/sipcheck/sipcheck/SipCheck/Info.plist (in target 'SipCheck' from project 'SipCheck')
    cd /Users/runner/work/sipcheck/sipcheck
    builtin-infoPlistUtility /Users/runner/work/sipcheck/sipcheck/SipCheck/Info.plist -producttype com.apple.product-type.application -genpkginfo /Users/runner/Library/Developer/Xcode/DerivedData/SipCheck-apticojzjwokpoevnvszvhgyxxva/Build/Products/Debug-iphonesimulator/SipCheck.app/PkgInfo -expandbuildsettings -format binary -platform iphonesimulator -additionalcontentfile /Users/runner/Library/Developer/Xcode/DerivedData/SipCheck-apticojzjwokpoevnvszvhgyxxva/Build/Intermediates.noindex/SipCheck.build/Debug-iphonesimulator/SipCheck.build/assetcatalog_generated_info.plist -o /Users/runner/Library/Developer/Xcode/DerivedData/SipCheck-apticojzjwokpoevnvszvhgyxxva/Build/Products/Debug-iphonesimulator/SipCheck.app/Info.plist

SwiftExplicitDependencyGeneratePcm arm64 /Users/runner/Library/Developer/Xcode/DerivedData/ModuleCache.noindex/AudioToolbox-9OOJFSBLQZAU69WU1612XHP5P.pcm

SwiftExplicitDependencyGeneratePcm arm64 /Users/runner/Library/Developer/Xcode/DerivedData/ModuleCache.noindex/CoreVideo-2QKOEU1UUQKSK5VD1NT1IIWO0.pcm

SwiftExplicitDependencyGeneratePcm arm64 /Users/runner/Library/Developer/Xcode/DerivedData/ModuleCache.noindex/CoreImage-4X56MDIG2UE4ZR59NHN6BRBCR.pcm

SwiftExplicitDependencyGeneratePcm arm64 /Users/runner/Library/Developer/Xcode/DerivedData/ModuleCache.noindex/QuartzCore-117MK44TAWGER1D783CQB3Y5I.pcm

SwiftExplicitDependencyGeneratePcm arm64 /Users/runner/Library/Developer/Xcode/DerivedData/ModuleCache.noindex/CoreMedia-CQOFBJH4HQAABC9JRQ4SM3BDN.pcm

SwiftExplicitDependencyGeneratePcm arm64 /Users/runner/Library/Developer/Xcode/DerivedData/ModuleCache.noindex/Accelerate-CYM62E77Y8S88Z5U9UHQPDNC4.pcm

SwiftExplicitDependencyGeneratePcm arm64 /Users/runner/Library/Developer/Xcode/DerivedData/ModuleCache.noindex/SwiftUICore-4TCNI7XKP1QKKP2VT2SUY7FI4.pcm

SwiftExplicitDependencyGeneratePcm arm64 /Users/runner/Library/Developer/Xcode/DerivedData/ModuleCache.noindex/UIKit-8RQC2X6V7NLLPT9V0L33T8DW2.pcm

SwiftExplicitDependencyGeneratePcm arm64 /Users/runner/Library/Developer/Xcode/DerivedData/ModuleCache.noindex/MediaToolbox-D15JSIH16ICZQB9LRA3H3QXCT.pcm

SwiftExplicitDependencyGeneratePcm arm64 /Users/runner/Library/Developer/Xcode/DerivedData/ModuleCache.noindex/CoreML-CQX6ZNS5BFNKQFELWJD6MLVBF.pcm

SwiftExplicitDependencyGeneratePcm arm64 /Users/runner/Library/Developer/Xcode/DerivedData/ModuleCache.noindex/AVFAudio-BICPTFD1PG4FGK70UAZUWZ5FY.pcm

SwiftExplicitDependencyGeneratePcm arm64 /Users/runner/Library/Developer/Xcode/DerivedData/ModuleCache.noindex/Vision-4CCPOOBSS7KNBJ52OC4M6HACY.pcm

SwiftExplicitDependencyGeneratePcm arm64 /Users/runner/Library/Developer/Xcode/DerivedData/ModuleCache.noindex/AVFoundation-6R2MUM0QI619M1TEWEHLEJDTW.pcm

SwiftExplicitDependencyGeneratePcm arm64 /Users/runner/Library/Developer/Xcode/DerivedData/ModuleCache.noindex/VisionKit-CXS19JT4SHSR5JRUQ8UK9GUDA.pcm

SwiftExplicitDependencyGeneratePcm arm64 /Users/runner/Library/Developer/Xcode/DerivedData/ModuleCache.noindex/SwiftUI-50Q7NE2MBQ5VQPFPPUZY5A0ML.pcm

SwiftExplicitDependencyGeneratePcm arm64 /Users/runner/Library/Developer/Xcode/DerivedData/ModuleCache.noindex/Photos-5DC6UTFS4YJBA5FAJ2SCK1D6Q.pcm

SwiftExplicitDependencyGeneratePcm arm64 /Users/runner/Library/Developer/Xcode/DerivedData/ModuleCache.noindex/PhotosUI-5ZC361ASZMUZJJQH4T9TT5M78.pcm

SwiftEmitModule normal arm64 Emitting\ module\ for\ SipCheck (in target 'SipCheck' from project 'SipCheck')

EmitSwiftModule normal arm64 (in target 'SipCheck' from project 'SipCheck')
    cd /Users/runner/work/sipcheck/sipcheck
    

SwiftCompile normal arm64 Compiling\ WantToTryCard.swift,\ StyleBarView.swift,\ VerdictBadge.swift,\ ShareSheet.swift,\ ScanVignette.swift,\ NotificationService.swift,\ FollowUpView.swift,\ TastePreferences.swift,\ CloudKitSyncService.swift,\ ScanLog.swift,\ NetworkMonitor.swift,\ JSONSnapshotWriter.swift,\ TasteScorer.swift,\ MenuParser.swift,\ BeerResolver.swift,\ BeerDiscoveryService.swift,\ GeneratedAssetSymbols.swift /Users/runner/work/sipcheck/sipcheck/SipCheck/Views/Components/WantToTryCard.swift /Users/runner/work/sipcheck/sipcheck/SipCheck/Views/Components/StyleBarView.swift /Users/runner/work/sipcheck/sipcheck/SipCheck/Views/Components/VerdictBadge.swift /Users/runner/work/sipcheck/sipcheck/SipCheck/Views/Components/ShareSheet.swift /Users/runner/work/sipcheck/sipcheck/SipCheck/Views/Components/ScanVignette.swift /Users/runner/work/sipcheck/sipcheck/SipCheck/Services/NotificationService.swift /Users/runner/work/sipcheck/sipcheck/SipCheck/Views/FollowUpView.swift /Users/runner/work/sipcheck/sipcheck/SipCheck/Services/TastePreferences.swift /Users/runner/work/sipcheck/sipcheck/SipCheck/Services/CloudKitSyncService.swift /Users/runner/work/sipcheck/sipcheck/SipCheck/Services/ScanLog.swift /Users/runner/work/sipcheck/sipcheck/SipCheck/Services/NetworkMonitor.swift /Users/runner/work/sipcheck/sipcheck/SipCheck/Services/JSONSnapshotWriter.swift /Users/runner/work/sipcheck/sipcheck/SipCheck/Services/TasteScorer.swift /Users/runner/work/sipcheck/sipcheck/SipCheck/Services/MenuParser.swift /Users/runner/work/sipcheck/sipcheck/SipCheck/Services/BeerResolver.swift /Users/runner/work/sipcheck/sipcheck/SipCheck/Services/BeerDiscoveryService.swift /Users/runner/Library/Developer/Xcode/DerivedData/SipCheck-apticojzjwokpoevnvszvhgyxxva/Build/Intermediates.noindex/SipCheck.build/Debug-iphonesimulator/SipCheck.build/DerivedSources/GeneratedAssetSymbols.swift (in target 'SipCheck' from project 'SipCheck')
SwiftCompile normal arm64 /Users/runner/work/sipcheck/sipcheck/SipCheck/Views/Components/WantToTryCard.swift (in target 'SipCheck' from project 'SipCheck')
    cd /Users/runner/work/sipcheck/sipcheck
    

SwiftCompile normal arm64 /Users/runner/work/sipcheck/sipcheck/SipCheck/Views/Components/StyleBarView.swift (in target 'SipCheck' from project 'SipCheck')
    cd /Users/runner/work/sipcheck/sipcheck
    

SwiftCompile normal arm64 /Users/runner/work/sipcheck/sipcheck/SipCheck/Views/Components/VerdictBadge.swift (in target 'SipCheck' from project 'SipCheck')
    cd /Users/runner/work/sipcheck/sipcheck
    

SwiftCompile normal arm64 /Users/runner/work/sipcheck/sipcheck/SipCheck/Views/Components/ShareSheet.swift (in target 'SipCheck' from project 'SipCheck')
    cd /Users/runner/work/sipcheck/sipcheck
    

SwiftCompile normal arm64 /Users/runner/work/sipcheck/sipcheck/SipCheck/Views/Components/ScanVignette.swift (in target 'SipCheck' from project 'SipCheck')
    cd /Users/runner/work/sipcheck/sipcheck
    
/Users/runner/work/sipcheck/sipcheck/SipCheck/Views/Components/ScanVignette.swift:117:29: warning: call to main actor-isolated instance method 'composition' in a synchronous nonisolated context
                            composition(state)
                            ^
/Users/runner/work/sipcheck/sipcheck/SipCheck/Views/Components/ScanVignette.swift:201:18: note: calls to instance method 'composition' from outside of its actor context are implicitly asynchronous
    private func composition(_ state: VignetteState) -> some View {
                 ^
/Users/runner/work/sipcheck/sipcheck/SipCheck/Views/Components/ScanVignette.swift:201:18: note: main actor isolation inferred from conformance to protocol 'View'
    private func composition(_ state: VignetteState) -> some View {
                 ^

SwiftCompile normal arm64 /Users/runner/work/sipcheck/sipcheck/SipCheck/Services/NotificationService.swift (in target 'SipCheck' from project 'SipCheck')
    cd /Users/runner/work/sipcheck/sipcheck
    

SwiftCompile normal arm64 /Users/runner/work/sipcheck/sipcheck/SipCheck/Views/FollowUpView.swift (in target 'SipCheck' from project 'SipCheck')
    cd /Users/runner/work/sipcheck/sipcheck
    

SwiftCompile normal arm64 /Users/runner/work/sipcheck/sipcheck/SipCheck/Services/TastePreferences.swift (in target 'SipCheck' from project 'SipCheck')
    cd /Users/runner/work/sipcheck/sipcheck
    

SwiftCompile normal arm64 /Users/runner/work/sipcheck/sipcheck/SipCheck/Services/CloudKitSyncService.swift (in target 'SipCheck' from project 'SipCheck')
    cd /Users/runner/work/sipcheck/sipcheck
    

SwiftCompile normal arm64 /Users/runner/work/sipcheck/sipcheck/SipCheck/Services/ScanLog.swift (in target 'SipCheck' from project 'SipCheck')
    cd /Users/runner/work/sipcheck/sipcheck
    

SwiftCompile normal arm64 /Users/runner/work/sipcheck/sipcheck/SipCheck/Services/NetworkMonitor.swift (in target 'SipCheck' from project 'SipCheck')
    cd /Users/runner/work/sipcheck/sipcheck
    

SwiftCompile normal arm64 /Users/runner/work/sipcheck/sipcheck/SipCheck/Services/JSONSnapshotWriter.swift (in target 'SipCheck' from project 'SipCheck')
    cd /Users/runner/work/sipcheck/sipcheck
    

SwiftCompile normal arm64 /Users/runner/work/sipcheck/sipcheck/SipCheck/Services/TasteScorer.swift (in target 'SipCheck' from project 'SipCheck')
    cd /Users/runner/work/sipcheck/sipcheck
    

SwiftCompile normal arm64 /Users/runner/work/sipcheck/sipcheck/SipCheck/Services/MenuParser.swift (in target 'SipCheck' from project 'SipCheck')
    cd /Users/runner/work/sipcheck/sipcheck
    

SwiftCompile normal arm64 /Users/runner/work/sipcheck/sipcheck/SipCheck/Services/BeerResolver.swift (in target 'SipCheck' from project 'SipCheck')
    cd /Users/runner/work/sipcheck/sipcheck
    

SwiftCompile normal arm64 /Users/runner/work/sipcheck/sipcheck/SipCheck/Services/BeerDiscoveryService.swift (in target 'SipCheck' from project 'SipCheck')
    cd /Users/runner/work/sipcheck/sipcheck
    

SwiftCompile normal arm64 /Users/runner/Library/Developer/Xcode/DerivedData/SipCheck-apticojzjwokpoevnvszvhgyxxva/Build/Intermediates.noindex/SipCheck.build/Debug-iphonesimulator/SipCheck.build/DerivedSources/GeneratedAssetSymbols.swift (in target 'SipCheck' from project 'SipCheck')
    cd /Users/runner/work/sipcheck/sipcheck
    

SwiftCompile normal arm64 Compiling\ ScanningPipeline.swift,\ TasteProfile.swift,\ AgeGateView.swift,\ OnboardingView.swift,\ MainTabView.swift,\ CheckTabView.swift,\ JournalTabView.swift,\ ProfileTabView.swift,\ SettingsTabView.swift,\ DesignSystem.swift,\ Scan.swift,\ JournalEntry.swift,\ ScanStore.swift,\ JournalStore.swift,\ VerdictCardView.swift,\ JournalEntryRow.swift,\ JournalEntryDetailView.swift /Users/runner/work/sipcheck/sipcheck/SipCheck/Services/ScanningPipeline.swift /Users/runner/work/sipcheck/sipcheck/SipCheck/Models/TasteProfile.swift /Users/runner/work/sipcheck/sipcheck/SipCheck/Views/AgeGateView.swift /Users/runner/work/sipcheck/sipcheck/SipCheck/Views/OnboardingView.swift /Users/runner/work/sipcheck/sipcheck/SipCheck/Views/MainTabView.swift /Users/runner/work/sipcheck/sipcheck/SipCheck/Views/Tabs/CheckTabView.swift /Users/runner/work/sipcheck/sipcheck/SipCheck/Views/Tabs/JournalTabView.swift /Users/runner/work/sipcheck/sipcheck/SipCheck/Views/Tabs/ProfileTabView.swift /Users/runner/work/sipcheck/sipcheck/SipCheck/Views/Tabs/SettingsTabView.swift /Users/runner/work/sipcheck/sipcheck/SipCheck/Views/DesignSystem.swift /Users/runner/work/sipcheck/sipcheck/SipCheck/Models/Scan.swift /Users/runner/work/sipcheck/sipcheck/SipCheck/Models/JournalEntry.swift /Users/runner/work/sipcheck/sipcheck/SipCheck/Services/ScanStore.swift /Users/runner/work/sipcheck/sipcheck/SipCheck/Services/JournalStore.swift /Users/runner/work/sipcheck/sipcheck/SipCheck/Views/Components/VerdictCardView.swift /Users/runner/work/sipcheck/sipcheck/SipCheck/Views/Components/JournalEntryRow.swift /Users/runner/work/sipcheck/sipcheck/SipCheck/Views/JournalEntryDetailView.swift (in target 'SipCheck' from project 'SipCheck')
SwiftCompile normal arm64 /Users/runner/work/sipcheck/sipcheck/SipCheck/Services/ScanningPipeline.swift (in target 'SipCheck' from project 'SipCheck')
    cd /Users/runner/work/sipcheck/sipcheck
    

SwiftCompile normal arm64 /Users/runner/work/sipcheck/sipcheck/SipCheck/Models/TasteProfile.swift (in target 'SipCheck' from project 'SipCheck')
    cd /Users/runner/work/sipcheck/sipcheck
    

SwiftCompile normal arm64 /Users/runner/work/sipcheck/sipcheck/SipCheck/Views/AgeGateView.swift (in target 'SipCheck' from project 'SipCheck')
    cd /Users/runner/work/sipcheck/sipcheck
    

SwiftCompile normal arm64 /Users/runner/work/sipcheck/sipcheck/SipCheck/Views/OnboardingView.swift (in target 'SipCheck' from project 'SipCheck')
    cd /Users/runner/work/sipcheck/sipcheck
    

SwiftCompile normal arm64 /Users/runner/work/sipcheck/sipcheck/SipCheck/Views/MainTabView.swift (in target 'SipCheck' from project 'SipCheck')
    cd /Users/runner/work/sipcheck/sipcheck
    

SwiftCompile normal arm64 /Users/runner/work/sipcheck/sipcheck/SipCheck/Views/Tabs/CheckTabView.swift (in target 'SipCheck' from project 'SipCheck')
    cd /Users/runner/work/sipcheck/sipcheck
    

SwiftCompile normal arm64 /Users/runner/work/sipcheck/sipcheck/SipCheck/Views/Tabs/JournalTabView.swift (in target 'SipCheck' from project 'SipCheck')
    cd /Users/runner/work/sipcheck/sipcheck
    

SwiftCompile normal arm64 /Users/runner/work/sipcheck/sipcheck/SipCheck/Views/Tabs/ProfileTabView.swift (in target 'SipCheck' from project 'SipCheck')
    cd /Users/runner/work/sipcheck/sipcheck
    

SwiftCompile normal arm64 /Users/runner/work/sipcheck/sipcheck/SipCheck/Views/Tabs/SettingsTabView.swift (in target 'SipCheck' from project 'SipCheck')
    cd /Users/runner/work/sipcheck/sipcheck
    

SwiftCompile normal arm64 /Users/runner/work/sipcheck/sipcheck/SipCheck/Views/DesignSystem.swift (in target 'SipCheck' from project 'SipCheck')
    cd /Users/runner/work/sipcheck/sipcheck
    

SwiftCompile normal arm64 /Users/runner/work/sipcheck/sipcheck/SipCheck/Models/Scan.swift (in target 'SipCheck' from project 'SipCheck')
    cd /Users/runner/work/sipcheck/sipcheck
    

SwiftCompile normal arm64 /Users/runner/work/sipcheck/sipcheck/SipCheck/Models/JournalEntry.swift (in target 'SipCheck' from project 'SipCheck')
    cd /Users/runner/work/sipcheck/sipcheck
    

SwiftCompile normal arm64 /Users/runner/work/sipcheck/sipcheck/SipCheck/Services/ScanStore.swift (in target 'SipCheck' from project 'SipCheck')
    cd /Users/runner/work/sipcheck/sipcheck
    

SwiftCompile normal arm64 /Users/runner/work/sipcheck/sipcheck/SipCheck/Services/JournalStore.swift (in target 'SipCheck' from project 'SipCheck')
    cd /Users/runner/work/sipcheck/sipcheck
    

SwiftCompile normal arm64 /Users/runner/work/sipcheck/sipcheck/SipCheck/Views/Components/VerdictCardView.swift (in target 'SipCheck' from project 'SipCheck')
    cd /Users/runner/work/sipcheck/sipcheck
    

SwiftCompile normal arm64 /Users/runner/work/sipcheck/sipcheck/SipCheck/Views/Components/JournalEntryRow.swift (in target 'SipCheck' from project 'SipCheck')
    cd /Users/runner/work/sipcheck/sipcheck
    

SwiftCompile normal arm64 /Users/runner/work/sipcheck/sipcheck/SipCheck/Views/JournalEntryDetailView.swift (in target 'SipCheck' from project 'SipCheck')
    cd /Users/runner/work/sipcheck/sipcheck
    

SwiftCompile normal arm64 Compiling\ SipCheckApp.swift,\ Config.swift,\ Secrets.swift,\ Drink.swift,\ DrinkEnums.swift,\ BeerLibraryItem.swift,\ DeveloperScenario.swift,\ AddBeerView.swift,\ RatingPicker.swift,\ StylePicker.swift,\ CameraView.swift,\ OpenAIService.swift,\ BeerMatcher.swift,\ DrinkStore.swift,\ LLMProvider.swift,\ GeminiService.swift,\ VisionOCRService.swift,\ ImageCompressor.swift /Users/runner/work/sipcheck/sipcheck/SipCheck/SipCheckApp.swift /Users/runner/work/sipcheck/sipcheck/SipCheck/Config.swift /Users/runner/work/sipcheck/sipcheck/SipCheck/Secrets.swift /Users/runner/work/sipcheck/sipcheck/SipCheck/Models/Drink.swift /Users/runner/work/sipcheck/sipcheck/SipCheck/Models/DrinkEnums.swift /Users/runner/work/sipcheck/sipcheck/SipCheck/Models/BeerLibraryItem.swift /Users/runner/work/sipcheck/sipcheck/SipCheck/Models/DeveloperScenario.swift /Users/runner/work/sipcheck/sipcheck/SipCheck/Views/AddBeerView.swift /Users/runner/work/sipcheck/sipcheck/SipCheck/Views/Components/RatingPicker.swift /Users/runner/work/sipcheck/sipcheck/SipCheck/Views/Components/StylePicker.swift /Users/runner/work/sipcheck/sipcheck/SipCheck/Views/Components/CameraView.swift /Users/runner/work/sipcheck/sipcheck/SipCheck/Services/OpenAIService.swift /Users/runner/work/sipcheck/sipcheck/SipCheck/Services/BeerMatcher.swift /Users/runner/work/sipcheck/sipcheck/SipCheck/Services/DrinkStore.swift /Users/runner/work/sipcheck/sipcheck/SipCheck/Services/LLMProvider.swift /Users/runner/work/sipcheck/sipcheck/SipCheck/Services/GeminiService.swift /Users/runner/work/sipcheck/sipcheck/SipCheck/Services/VisionOCRService.swift /Users/runner/work/sipcheck/sipcheck/SipCheck/Services/ImageCompressor.swift (in target 'SipCheck' from project 'SipCheck')

SwiftCompile normal arm64 /Users/runner/work/sipcheck/sipcheck/SipCheck/SipCheckApp.swift (in target 'SipCheck' from project 'SipCheck')
    cd /Users/runner/work/sipcheck/sipcheck
    

SwiftCompile normal arm64 /Users/runner/work/sipcheck/sipcheck/SipCheck/Config.swift (in target 'SipCheck' from project 'SipCheck')
    cd /Users/runner/work/sipcheck/sipcheck
    

SwiftCompile normal arm64 /Users/runner/work/sipcheck/sipcheck/SipCheck/Secrets.swift (in target 'SipCheck' from project 'SipCheck')
    cd /Users/runner/work/sipcheck/sipcheck
    

SwiftCompile normal arm64 /Users/runner/work/sipcheck/sipcheck/SipCheck/Models/Drink.swift (in target 'SipCheck' from project 'SipCheck')
    cd /Users/runner/work/sipcheck/sipcheck
    

SwiftCompile normal arm64 /Users/runner/work/sipcheck/sipcheck/SipCheck/Models/DrinkEnums.swift (in target 'SipCheck' from project 'SipCheck')
    cd /Users/runner/work/sipcheck/sipcheck
    

SwiftCompile normal arm64 /Users/runner/work/sipcheck/sipcheck/SipCheck/Models/BeerLibraryItem.swift (in target 'SipCheck' from project 'SipCheck')
    cd /Users/runner/work/sipcheck/sipcheck
    

SwiftCompile normal arm64 /Users/runner/work/sipcheck/sipcheck/SipCheck/Models/DeveloperScenario.swift (in target 'SipCheck' from project 'SipCheck')
    cd /Users/runner/work/sipcheck/sipcheck
    

SwiftCompile normal arm64 /Users/runner/work/sipcheck/sipcheck/SipCheck/Views/AddBeerView.swift (in target 'SipCheck' from project 'SipCheck')
    cd /Users/runner/work/sipcheck/sipcheck
    

SwiftCompile normal arm64 /Users/runner/work/sipcheck/sipcheck/SipCheck/Views/Components/RatingPicker.swift (in target 'SipCheck' from project 'SipCheck')
    cd /Users/runner/work/sipcheck/sipcheck
    

SwiftCompile normal arm64 /Users/runner/work/sipcheck/sipcheck/SipCheck/Views/Components/StylePicker.swift (in target 'SipCheck' from project 'SipCheck')
    cd /Users/runner/work/sipcheck/sipcheck
    

SwiftCompile normal arm64 /Users/runner/work/sipcheck/sipcheck/SipCheck/Views/Components/CameraView.swift (in target 'SipCheck' from project 'SipCheck')
    cd /Users/runner/work/sipcheck/sipcheck
    

SwiftCompile normal arm64 /Users/runner/work/sipcheck/sipcheck/SipCheck/Services/OpenAIService.swift (in target 'SipCheck' from project 'SipCheck')
    cd /Users/runner/work/sipcheck/sipcheck
    

SwiftCompile normal arm64 /Users/runner/work/sipcheck/sipcheck/SipCheck/Services/BeerMatcher.swift (in target 'SipCheck' from project 'SipCheck')
    cd /Users/runner/work/sipcheck/sipcheck
    

SwiftCompile normal arm64 /Users/runner/work/sipcheck/sipcheck/SipCheck/Services/DrinkStore.swift (in target 'SipCheck' from project 'SipCheck')
    cd /Users/runner/work/sipcheck/sipcheck
    

SwiftCompile normal arm64 /Users/runner/work/sipcheck/sipcheck/SipCheck/Services/LLMProvider.swift (in target 'SipCheck' from project 'SipCheck')
    cd /Users/runner/work/sipcheck/sipcheck
    

SwiftCompile normal arm64 /Users/runner/work/sipcheck/sipcheck/SipCheck/Services/GeminiService.swift (in target 'SipCheck' from project 'SipCheck')
    cd /Users/runner/work/sipcheck/sipcheck
    

SwiftCompile normal arm64 /Users/runner/work/sipcheck/sipcheck/SipCheck/Services/VisionOCRService.swift (in target 'SipCheck' from project 'SipCheck')
    cd /Users/runner/work/sipcheck/sipcheck
    

SwiftCompile normal arm64 /Users/runner/work/sipcheck/sipcheck/SipCheck/Services/ImageCompressor.swift (in target 'SipCheck' from project 'SipCheck')
    cd /Users/runner/work/sipcheck/sipcheck
    

SwiftDriverJobDiscovery normal arm64 Emitting module for SipCheck (in target 'SipCheck' from project 'SipCheck')

SwiftDriver\ Compilation\ Requirements SipCheck normal arm64 com.apple.xcode.tools.swift.compiler (in target 'SipCheck' from project 'SipCheck')
    cd /Users/runner/work/sipcheck/sipcheck
    builtin-Swift-Compilation-Requirements -- /Applications/Xcode_26.3.app/Contents/Developer/Toolchains/XcodeDefault.xctoolchain/usr/bin/swiftc -module-name SipCheck -Onone -enforce-exclusivity\=checked @/Users/runner/Library/Developer/Xcode/DerivedData/SipCheck-apticojzjwokpoevnvszvhgyxxva/Build/Intermediates.noindex/SipCheck.build/Debug-iphonesimulator/SipCheck.build/Objects-normal/arm64/SipCheck.SwiftFileList -DDEBUG -enable-bare-slash-regex -enable-experimental-feature DebugDescriptionMacro -sdk /Applications/Xcode_26.3.app/Contents/Developer/Platforms/iPhoneSimulator.platform/Developer/SDKs/iPhoneSimulator26.2.sdk -target arm64-apple-ios17.0-simulator -g -module-cache-path /Users/runner/Library/Developer/Xcode/DerivedData/ModuleCache.noindex -Xfrontend -serialize-debugging-options -profile-coverage-mapping -profile-generate -enable-testing -index-store-path /Users/runner/Library/Developer/Xcode/DerivedData/SipCheck-apticojzjwokpoevnvszvhgyxxva/Index.noindex/DataStore -Xcc -D_LIBCPP_HARDENING_MODE\=_LIBCPP_HARDENING_MODE_DEBUG -swift-version 5 -I /Users/runner/Library/Developer/Xcode/DerivedData/SipCheck-apticojzjwokpoevnvszvhgyxxva/Build/Products/Debug-iphonesimulator -F /Users/runner/Library/Developer/Xcode/DerivedData/SipCheck-apticojzjwokpoevnvszvhgyxxva/Build/Products/Debug-iphonesimulator -emit-localized-strings -emit-localized-strings-path /Users/runner/Library/Developer/Xcode/DerivedData/SipCheck-apticojzjwokpoevnvszvhgyxxva/Build/Intermediates.noindex/SipCheck.build/Debug-iphonesimulator/SipCheck.build/Objects-normal/arm64 -c -j3 -enable-batch-mode -incremental -Xcc -ivfsstatcache -Xcc /Users/runner/Library/Developer/Xcode/DerivedData/SDKStatCaches.noindex/iphonesimulator26.2-23C57-dc75598d0054f22ec865fa860f139d72e244bd9a5feaf902f95f61bf06266e52.sdkstatcache -output-file-map /Users/runner/Library/Developer/Xcode/DerivedData/SipCheck-apticojzjwokpoevnvszvhgyxxva/Build/Intermediates.noindex/SipCheck.build/Debug-iphonesimulator/SipCheck.build/Objects-normal/arm64/SipCheck-OutputFileMap.json -use-frontend-parseable-output -save-temps -no-color-diagnostics -explicit-module-build -module-cache-path /Users/runner/Library/Developer/Xcode/DerivedData/SipCheck-apticojzjwokpoevnvszvhgyxxva/Build/Intermediates.noindex/SwiftExplicitPrecompiledModules -clang-scanner-module-cache-path /Users/runner/Library/Developer/Xcode/DerivedData/ModuleCache.noindex -sdk-module-cache-path /Users/runner/Library/Developer/Xcode/DerivedData/ModuleCache.noindex -serialize-diagnostics -emit-dependencies -emit-module -emit-module-path /Users/runner/Library/Developer/Xcode/DerivedData/SipCheck-apticojzjwokpoevnvszvhgyxxva/Build/Intermediates.noindex/SipCheck.build/Debug-iphonesimulator/SipCheck.build/Objects-normal/arm64/SipCheck.swiftmodule -validate-clang-modules-once -clang-build-session-file /Users/runner/Library/Developer/Xcode/DerivedData/ModuleCache.noindex/Session.modulevalidation -Xcc -I/Users/runner/Library/Developer/Xcode/DerivedData/SipCheck-apticojzjwokpoevnvszvhgyxxva/Build/Intermediates.noindex/SipCheck.build/Debug-iphonesimulator/SipCheck.build/swift-overrides.hmap -emit-const-values -Xfrontend -const-gather-protocols-file -Xfrontend /Users/runner/Library/Developer/Xcode/DerivedData/SipCheck-apticojzjwokpoevnvszvhgyxxva/Build/Intermediates.noindex/SipCheck.build/Debug-iphonesimulator/SipCheck.build/Objects-normal/arm64/SipCheck_const_extract_protocols.json -Xcc -iquote -Xcc /Users/runner/Library/Developer/Xcode/DerivedData/SipCheck-apticojzjwokpoevnvszvhgyxxva/Build/Intermediates.noindex/SipCheck.build/Debug-iphonesimulator/SipCheck.build/SipCheck-generated-files.hmap -Xcc -I/Users/runner/Library/Developer/Xcode/DerivedData/SipCheck-apticojzjwokpoevnvszvhgyxxva/Build/Intermediates.noindex/SipCheck.build/Debug-iphonesimulator/SipCheck.build/SipCheck-own-target-headers.hmap -Xcc -I/Users/runner/Library/Developer/Xcode/DerivedData/SipCheck-apticojzjwokpoevnvszvhgyxxva/Build/Intermediates.noindex/SipCheck.build/Debug-iphonesimulator/SipCheck.build/SipCheck-all-target-headers.hmap -Xcc -iquote -Xcc /Users/runner/Library/Developer/Xcode/DerivedData/SipCheck-apticojzjwokpoevnvszvhgyxxva/Build/Intermediates.noindex/SipCheck.build/Debug-iphonesimulator/SipCheck.build/SipCheck-project-headers.hmap -Xcc -I/Users/runner/Library/Developer/Xcode/DerivedData/SipCheck-apticojzjwokpoevnvszvhgyxxva/Build/Products/Debug-iphonesimulator/include -Xcc -I/Users/runner/Library/Developer/Xcode/DerivedData/SipCheck-apticojzjwokpoevnvszvhgyxxva/Build/Intermediates.noindex/SipCheck.build/Debug-iphonesimulator/SipCheck.build/DerivedSources-normal/arm64 -Xcc -I/Users/runner/Library/Developer/Xcode/DerivedData/SipCheck-apticojzjwokpoevnvszvhgyxxva/Build/Intermediates.noindex/SipCheck.build/Debug-iphonesimulator/SipCheck.build/DerivedSources/arm64 -Xcc -I/Users/runner/Library/Developer/Xcode/DerivedData/SipCheck-apticojzjwokpoevnvszvhgyxxva/Build/Intermediates.noindex/SipCheck.build/Debug-iphonesimulator/SipCheck.build/DerivedSources -Xcc -DDEBUG\=1 -emit-objc-header -emit-objc-header-path /Users/runner/Library/Developer/Xcode/DerivedData/SipCheck-apticojzjwokpoevnvszvhgyxxva/Build/Intermediates.noindex/SipCheck.build/Debug-iphonesimulator/SipCheck.build/Objects-normal/arm64/SipCheck-Swift.h -working-directory /Users/runner/work/sipcheck/sipcheck -experimental-emit-module-separately -disable-cmo

SwiftDriverJobDiscovery normal arm64 Compiling WantToTryCard.swift, StyleBarView.swift, VerdictBadge.swift, ShareSheet.swift, ScanVignette.swift, NotificationService.swift, FollowUpView.swift, TastePreferences.swift, CloudKitSyncService.swift, ScanLog.swift, NetworkMonitor.swift, JSONSnapshotWriter.swift, TasteScorer.swift, MenuParser.swift, BeerResolver.swift, BeerDiscoveryService.swift, GeneratedAssetSymbols.swift (in target 'SipCheck' from project 'SipCheck')

SwiftMergeGeneratedHeaders /Users/runner/Library/Developer/Xcode/DerivedData/SipCheck-apticojzjwokpoevnvszvhgyxxva/Build/Intermediates.noindex/SipCheck.build/Debug-iphonesimulator/SipCheck.build/DerivedSources/SipCheck-Swift.h /Users/runner/Library/Developer/Xcode/DerivedData/SipCheck-apticojzjwokpoevnvszvhgyxxva/Build/Intermediates.noindex/SipCheck.build/Debug-iphonesimulator/SipCheck.build/Objects-normal/arm64/SipCheck-Swift.h (in target 'SipCheck' from project 'SipCheck')
    cd /Users/runner/work/sipcheck/sipcheck
    builtin-swiftHeaderTool -arch arm64 /Users/runner/Library/Developer/Xcode/DerivedData/SipCheck-apticojzjwokpoevnvszvhgyxxva/Build/Intermediates.noindex/SipCheck.build/Debug-iphonesimulator/SipCheck.build/Objects-normal/arm64/SipCheck-Swift.h -o /Users/runner/Library/Developer/Xcode/DerivedData/SipCheck-apticojzjwokpoevnvszvhgyxxva/Build/Intermediates.noindex/SipCheck.build/Debug-iphonesimulator/SipCheck.build/DerivedSources/SipCheck-Swift.h

Copy /Users/runner/Library/Developer/Xcode/DerivedData/SipCheck-apticojzjwokpoevnvszvhgyxxva/Build/Products/Debug-iphonesimulator/SipCheck.swiftmodule/arm64-apple-ios-simulator.swiftmodule /Users/runner/Library/Developer/Xcode/DerivedData/SipCheck-apticojzjwokpoevnvszvhgyxxva/Build/Intermediates.noindex/SipCheck.build/Debug-iphonesimulator/SipCheck.build/Objects-normal/arm64/SipCheck.swiftmodule (in target 'SipCheck' from project 'SipCheck')
    cd /Users/runner/work/sipcheck/sipcheck
    builtin-copy -exclude .DS_Store -exclude CVS -exclude .svn -exclude .git -exclude .hg -resolve-src-symlinks -rename /Users/runner/Library/Developer/Xcode/DerivedData/SipCheck-apticojzjwokpoevnvszvhgyxxva/Build/Intermediates.noindex/SipCheck.build/Debug-iphonesimulator/SipCheck.build/Objects-normal/arm64/SipCheck.swiftmodule /Users/runner/Library/Developer/Xcode/DerivedData/SipCheck-apticojzjwokpoevnvszvhgyxxva/Build/Products/Debug-iphonesimulator/SipCheck.swiftmodule/arm64-apple-ios-simulator.swiftmodule

Copy /Users/runner/Library/Developer/Xcode/DerivedData/SipCheck-apticojzjwokpoevnvszvhgyxxva/Build/Products/Debug-iphonesimulator/SipCheck.swiftmodule/arm64-apple-ios-simulator.swiftdoc /Users/runner/Library/Developer/Xcode/DerivedData/SipCheck-apticojzjwokpoevnvszvhgyxxva/Build/Intermediates.noindex/SipCheck.build/Debug-iphonesimulator/SipCheck.build/Objects-normal/arm64/SipCheck.swiftdoc (in target 'SipCheck' from project 'SipCheck')
    cd /Users/runner/work/sipcheck/sipcheck
    builtin-copy -exclude .DS_Store -exclude CVS -exclude .svn -exclude .git -exclude .hg -resolve-src-symlinks -rename /Users/runner/Library/Developer/Xcode/DerivedData/SipCheck-apticojzjwokpoevnvszvhgyxxva/Build/Intermediates.noindex/SipCheck.build/Debug-iphonesimulator/SipCheck.build/Objects-normal/arm64/SipCheck.swiftdoc /Users/runner/Library/Developer/Xcode/DerivedData/SipCheck-apticojzjwokpoevnvszvhgyxxva/Build/Products/Debug-iphonesimulator/SipCheck.swiftmodule/arm64-apple-ios-simulator.swiftdoc

Copy /Users/runner/Library/Developer/Xcode/DerivedData/SipCheck-apticojzjwokpoevnvszvhgyxxva/Build/Products/Debug-iphonesimulator/SipCheck.swiftmodule/arm64-apple-ios-simulator.abi.json /Users/runner/Library/Developer/Xcode/DerivedData/SipCheck-apticojzjwokpoevnvszvhgyxxva/Build/Intermediates.noindex/SipCheck.build/Debug-iphonesimulator/SipCheck.build/Objects-normal/arm64/SipCheck.abi.json (in target 'SipCheck' from project 'SipCheck')
    cd /Users/runner/work/sipcheck/sipcheck
    builtin-copy -exclude .DS_Store -exclude CVS -exclude .svn -exclude .git -exclude .hg -resolve-src-symlinks -rename /Users/runner/Library/Developer/Xcode/DerivedData/SipCheck-apticojzjwokpoevnvszvhgyxxva/Build/Intermediates.noindex/SipCheck.build/Debug-iphonesimulator/SipCheck.build/Objects-normal/arm64/SipCheck.abi.json /Users/runner/Library/Developer/Xcode/DerivedData/SipCheck-apticojzjwokpoevnvszvhgyxxva/Build/Products/Debug-iphonesimulator/SipCheck.swiftmodule/arm64-apple-ios-simulator.abi.json

Copy /Users/runner/Library/Developer/Xcode/DerivedData/SipCheck-apticojzjwokpoevnvszvhgyxxva/Build/Products/Debug-iphonesimulator/SipCheck.swiftmodule/Project/arm64-apple-ios-simulator.swiftsourceinfo /Users/runner/Library/Developer/Xcode/DerivedData/SipCheck-apticojzjwokpoevnvszvhgyxxva/Build/Intermediates.noindex/SipCheck.build/Debug-iphonesimulator/SipCheck.build/Objects-normal/arm64/SipCheck.swiftsourceinfo (in target 'SipCheck' from project 'SipCheck')
    cd /Users/runner/work/sipcheck/sipcheck
    builtin-copy -exclude .DS_Store -exclude CVS -exclude .svn -exclude .git -exclude .hg -resolve-src-symlinks -rename /Users/runner/Library/Developer/Xcode/DerivedData/SipCheck-apticojzjwokpoevnvszvhgyxxva/Build/Intermediates.noindex/SipCheck.build/Debug-iphonesimulator/SipCheck.build/Objects-normal/arm64/SipCheck.swiftsourceinfo /Users/runner/Library/Developer/Xcode/DerivedData/SipCheck-apticojzjwokpoevnvszvhgyxxva/Build/Products/Debug-iphonesimulator/SipCheck.swiftmodule/Project/arm64-apple-ios-simulator.swiftsourceinfo

ProcessProductPackaging "" /Users/runner/Library/Developer/Xcode/DerivedData/SipCheck-apticojzjwokpoevnvszvhgyxxva/Build/Intermediates.noindex/SipCheck.build/Debug-iphonesimulator/SipCheckUITests.build/SipCheckUITests.xctest-Simulated.xcent (in target 'SipCheckUITests' from project 'SipCheck')
    cd /Users/runner/work/sipcheck/sipcheck
    
    Entitlements:
    
    {
    "application-identifier" = "FAKETEAMID.com.rishishah.sipcheck.uitests.xctrunner";
    "keychain-access-groups" =     (
        "FAKETEAMID.com.rishishah.sipcheck.uitests.xctrunner"
    );
}
    
    builtin-productPackagingUtility -entitlements -format xml -o /Users/runner/Library/Developer/Xcode/DerivedData/SipCheck-apticojzjwokpoevnvszvhgyxxva/Build/Intermediates.noindex/SipCheck.build/Debug-iphonesimulator/SipCheckUITests.build/SipCheckUITests.xctest-Simulated.xcent

ProcessProductPackagingDER /Users/runner/Library/Developer/Xcode/DerivedData/SipCheck-apticojzjwokpoevnvszvhgyxxva/Build/Intermediates.noindex/SipCheck.build/Debug-iphonesimulator/SipCheckUITests.build/SipCheckUITests.xctest-Simulated.xcent /Users/runner/Library/Developer/Xcode/DerivedData/SipCheck-apticojzjwokpoevnvszvhgyxxva/Build/Intermediates.noindex/SipCheck.build/Debug-iphonesimulator/SipCheckUITests.build/SipCheckUITests.xctest-Simulated.xcent.der (in target 'SipCheckUITests' from project 'SipCheck')
    cd /Users/runner/work/sipcheck/sipcheck
    /usr/bin/derq query -f xml -i /Users/runner/Library/Developer/Xcode/DerivedData/SipCheck-apticojzjwokpoevnvszvhgyxxva/Build/Intermediates.noindex/SipCheck.build/Debug-iphonesimulator/SipCheckUITests.build/SipCheckUITests.xctest-Simulated.xcent -o /Users/runner/Library/Developer/Xcode/DerivedData/SipCheck-apticojzjwokpoevnvszvhgyxxva/Build/Intermediates.noindex/SipCheck.build/Debug-iphonesimulator/SipCheckUITests.build/SipCheckUITests.xctest-Simulated.xcent.der --raw

SwiftDriver SipCheckTests normal arm64 com.apple.xcode.tools.swift.compiler (in target 'SipCheckTests' from project 'SipCheck')
    cd /Users/runner/work/sipcheck/sipcheck
    builtin-SwiftDriver -- /Applications/Xcode_26.3.app/Contents/Developer/Toolchains/XcodeDefault.xctoolchain/usr/bin/swiftc -module-name SipCheckTests -Onone -enforce-exclusivity\=checked @/Users/runner/Library/Developer/Xcode/DerivedData/SipCheck-apticojzjwokpoevnvszvhgyxxva/Build/Intermediates.noindex/SipCheck.build/Debug-iphonesimulator/SipCheckTests.build/Objects-normal/arm64/SipCheckTests.SwiftFileList -DDEBUG -plugin-path /Applications/Xcode_26.3.app/Contents/Developer/Toolchains/XcodeDefault.xctoolchain/usr/lib/swift/host/plugins/testing -enable-bare-slash-regex -enable-experimental-feature DebugDescriptionMacro -sdk /Applications/Xcode_26.3.app/Contents/Developer/Platforms/iPhoneSimulator.platform/Developer/SDKs/iPhoneSimulator26.2.sdk -target arm64-apple-ios17.0-simulator -g -module-cache-path /Users/runner/Library/Developer/Xcode/DerivedData/ModuleCache.noindex -Xfrontend -serialize-debugging-options -profile-coverage-mapping -profile-generate -enable-testing -index-store-path /Users/runner/Library/Developer/Xcode/DerivedData/SipCheck-apticojzjwokpoevnvszvhgyxxva/Index.noindex/DataStore -Xcc -D_LIBCPP_HARDENING_MODE\=_LIBCPP_HARDENING_MODE_DEBUG -swift-version 5 -I /Users/runner/Library/Developer/Xcode/DerivedData/SipCheck-apticojzjwokpoevnvszvhgyxxva/Build/Products/Debug-iphonesimulator -Isystem /Applications/Xcode_26.3.app/Contents/Developer/Platforms/iPhoneSimulator.platform/Developer/usr/lib -F /Users/runner/Library/Developer/Xcode/DerivedData/SipCheck-apticojzjwokpoevnvszvhgyxxva/Build/Products/Debug-iphonesimulator -F /Applications/Xcode_26.3.app/Contents/Developer/Platforms/iPhoneSimulator.platform/Developer/Library/Frameworks -F /Applications/Xcode_26.3.app/Contents/Developer/Platforms/iPhoneSimulator.platform/Developer/SDKs/iPhoneSimulator26.2.sdk/Developer/Library/Frameworks -c -j3 -enable-batch-mode -incremental -Xcc -ivfsstatcache -Xcc /Users/runner/Library/Developer/Xcode/DerivedData/SDKStatCaches.noindex/iphonesimulator26.2-23C57-dc75598d0054f22ec865fa860f139d72e244bd9a5feaf902f95f61bf06266e52.sdkstatcache -output-file-map /Users/runner/Library/Developer/Xcode/DerivedData/SipCheck-apticojzjwokpoevnvszvhgyxxva/Build/Intermediates.noindex/SipCheck.build/Debug-iphonesimulator/SipCheckTests.build/Objects-normal/arm64/SipCheckTests-OutputFileMap.json -use-frontend-parseable-output -save-temps -no-color-diagnostics -explicit-module-build -module-cache-path /Users/runner/Library/Developer/Xcode/DerivedData/SipCheck-apticojzjwokpoevnvszvhgyxxva/Build/Intermediates.noindex/SwiftExplicitPrecompiledModules -clang-scanner-module-cache-path /Users/runner/Library/Developer/Xcode/DerivedData/ModuleCache.noindex -sdk-module-cache-path /Users/runner/Library/Developer/Xcode/DerivedData/ModuleCache.noindex -serialize-diagnostics -emit-dependencies -emit-module -emit-module-path /Users/runner/Library/Developer/Xcode/DerivedData/SipCheck-apticojzjwokpoevnvszvhgyxxva/Build/Intermediates.noindex/SipCheck.build/Debug-iphonesimulator/SipCheckTests.build/Objects-normal/arm64/SipCheckTests.swiftmodule -validate-clang-modules-once -clang-build-session-file /Users/runner/Library/Developer/Xcode/DerivedData/ModuleCache.noindex/Session.modulevalidation -Xcc -I/Users/runner/Library/Developer/Xcode/DerivedData/SipCheck-apticojzjwokpoevnvszvhgyxxva/Build/Intermediates.noindex/SipCheck.build/Debug-iphonesimulator/SipCheckTests.build/swift-overrides.hmap -emit-const-values -Xfrontend -const-gather-protocols-file -Xfrontend /Users/runner/Library/Developer/Xcode/DerivedData/SipCheck-apticojzjwokpoevnvszvhgyxxva/Build/Intermediates.noindex/SipCheck.build/Debug-iphonesimulator/SipCheckTests.build/Objects-normal/arm64/SipCheckTests_const_extract_protocols.json -Xcc -iquote -Xcc /Users/runner/Library/Developer/Xcode/DerivedData/SipCheck-apticojzjwokpoevnvszvhgyxxva/Build/Intermediates.noindex/SipCheck.build/Debug-iphonesimulator/SipCheckTests.build/SipCheckTests-generated-files.hmap -Xcc -I/Users/runner/Library/Developer/Xcode/DerivedData/SipCheck-apticojzjwokpoevnvszvhgyxxva/Build/Intermediates.noindex/SipCheck.build/Debug-iphonesimulator/SipCheckTests.build/SipCheckTests-own-target-headers.hmap -Xcc -I/Users/runner/Library/Developer/Xcode/DerivedData/SipCheck-apticojzjwokpoevnvszvhgyxxva/Build/Intermediates.noindex/SipCheck.build/Debug-iphonesimulator/SipCheckTests.build/SipCheckTests-all-target-headers.hmap -Xcc -iquote -Xcc /Users/runner/Library/Developer/Xcode/DerivedData/SipCheck-apticojzjwokpoevnvszvhgyxxva/Build/Intermediates.noindex/SipCheck.build/Debug-iphonesimulator/SipCheckTests.build/SipCheckTests-project-headers.hmap -Xcc -I/Users/runner/Library/Developer/Xcode/DerivedData/SipCheck-apticojzjwokpoevnvszvhgyxxva/Build/Products/Debug-iphonesimulator/include -Xcc -I/Users/runner/Library/Developer/Xcode/DerivedData/SipCheck-apticojzjwokpoevnvszvhgyxxva/Build/Intermediates.noindex/SipCheck.build/Debug-iphonesimulator/SipCheckTests.build/DerivedSources-normal/arm64 -Xcc -I/Users/runner/Library/Developer/Xcode/DerivedData/SipCheck-apticojzjwokpoevnvszvhgyxxva/Build/Intermediates.noindex/SipCheck.build/Debug-iphonesimulator/SipCheckTests.build/DerivedSources/arm64 -Xcc -I/Users/runner/Library/Developer/Xcode/DerivedData/SipCheck-apticojzjwokpoevnvszvhgyxxva/Build/Intermediates.noindex/SipCheck.build/Debug-iphonesimulator/SipCheckTests.build/DerivedSources -Xcc -DDEBUG\=1 -emit-objc-header -emit-objc-header-path /Users/runner/Library/Developer/Xcode/DerivedData/SipCheck-apticojzjwokpoevnvszvhgyxxva/Build/Intermediates.noindex/SipCheck.build/Debug-iphonesimulator/SipCheckTests.build/Objects-normal/arm64/SipCheckTests-Swift.h -working-directory /Users/runner/work/sipcheck/sipcheck -experimental-emit-module-separately -disable-cmo

SwiftDriverJobDiscovery normal arm64 Compiling SipCheckApp.swift, Config.swift, Secrets.swift, Drink.swift, DrinkEnums.swift, BeerLibraryItem.swift, DeveloperScenario.swift, AddBeerView.swift, RatingPicker.swift, StylePicker.swift, CameraView.swift, OpenAIService.swift, BeerMatcher.swift, DrinkStore.swift, LLMProvider.swift, GeminiService.swift, VisionOCRService.swift, ImageCompressor.swift (in target 'SipCheck' from project 'SipCheck')

SwiftDriver SipCheckUITests normal arm64 com.apple.xcode.tools.swift.compiler (in target 'SipCheckUITests' from project 'SipCheck')
    cd /Users/runner/work/sipcheck/sipcheck
    builtin-SwiftDriver -- /Applications/Xcode_26.3.app/Contents/Developer/Toolchains/XcodeDefault.xctoolchain/usr/bin/swiftc -module-name SipCheckUITests -Onone -enforce-exclusivity\=checked @/Users/runner/Library/Developer/Xcode/DerivedData/SipCheck-apticojzjwokpoevnvszvhgyxxva/Build/Intermediates.noindex/SipCheck.build/Debug-iphonesimulator/SipCheckUITests.build/Objects-normal/arm64/SipCheckUITests.SwiftFileList -DDEBUG -module-alias Testing\=_Testing_Unavailable -plugin-path /Applications/Xcode_26.3.app/Contents/Developer/Toolchains/XcodeDefault.xctoolchain/usr/lib/swift/host/plugins/testing -enable-bare-slash-regex -enable-experimental-feature DebugDescriptionMacro -sdk /Applications/Xcode_26.3.app/Contents/Developer/Platforms/iPhoneSimulator.platform/Developer/SDKs/iPhoneSimulator26.2.sdk -target arm64-apple-ios17.0-simulator -g -module-cache-path /Users/runner/Library/Developer/Xcode/DerivedData/ModuleCache.noindex -Xfrontend -serialize-debugging-options -profile-coverage-mapping -profile-generate -enable-testing -index-store-path /Users/runner/Library/Developer/Xcode/DerivedData/SipCheck-apticojzjwokpoevnvszvhgyxxva/Index.noindex/DataStore -Xcc -D_LIBCPP_HARDENING_MODE\=_LIBCPP_HARDENING_MODE_DEBUG -swift-version 5 -I /Users/runner/Library/Developer/Xcode/DerivedData/SipCheck-apticojzjwokpoevnvszvhgyxxva/Build/Products/Debug-iphonesimulator -Isystem /Applications/Xcode_26.3.app/Contents/Developer/Platforms/iPhoneSimulator.platform/Developer/usr/lib -F /Users/runner/Library/Developer/Xcode/DerivedData/SipCheck-apticojzjwokpoevnvszvhgyxxva/Build/Products/Debug-iphonesimulator -F /Applications/Xcode_26.3.app/Contents/Developer/Platforms/iPhoneSimulator.platform/Developer/Library/Frameworks -F /Applications/Xcode_26.3.app/Contents/Developer/Platforms/iPhoneSimulator.platform/Developer/SDKs/iPhoneSimulator26.2.sdk/Developer/Library/Frameworks -parse-as-library -c -j3 -enable-batch-mode -incremental -Xcc -ivfsstatcache -Xcc /Users/runner/Library/Developer/Xcode/DerivedData/SDKStatCaches.noindex/iphonesimulator26.2-23C57-dc75598d0054f22ec865fa860f139d72e244bd9a5feaf902f95f61bf06266e52.sdkstatcache -output-file-map /Users/runner/Library/Developer/Xcode/DerivedData/SipCheck-apticojzjwokpoevnvszvhgyxxva/Build/Intermediates.noindex/SipCheck.build/Debug-iphonesimulator/SipCheckUITests.build/Objects-normal/arm64/SipCheckUITests-OutputFileMap.json -use-frontend-parseable-output -save-temps -no-color-diagnostics -explicit-module-build -module-cache-path /Users/runner/Library/Developer/Xcode/DerivedData/SipCheck-apticojzjwokpoevnvszvhgyxxva/Build/Intermediates.noindex/SwiftExplicitPrecompiledModules -clang-scanner-module-cache-path /Users/runner/Library/Developer/Xcode/DerivedData/ModuleCache.noindex -sdk-module-cache-path /Users/runner/Library/Developer/Xcode/DerivedData/ModuleCache.noindex -serialize-diagnostics -emit-dependencies -emit-module -emit-module-path /Users/runner/Library/Developer/Xcode/DerivedData/SipCheck-apticojzjwokpoevnvszvhgyxxva/Build/Intermediates.noindex/SipCheck.build/Debug-iphonesimulator/SipCheckUITests.build/Objects-normal/arm64/SipCheckUITests.swiftmodule -validate-clang-modules-once -clang-build-session-file /Users/runner/Library/Developer/Xcode/DerivedData/ModuleCache.noindex/Session.modulevalidation -Xcc -I/Users/runner/Library/Developer/Xcode/DerivedData/SipCheck-apticojzjwokpoevnvszvhgyxxva/Build/Intermediates.noindex/SipCheck.build/Debug-iphonesimulator/SipCheckUITests.build/swift-overrides.hmap -emit-const-values -Xfrontend -const-gather-protocols-file -Xfrontend /Users/runner/Library/Developer/Xcode/DerivedData/SipCheck-apticojzjwokpoevnvszvhgyxxva/Build/Intermediates.noindex/SipCheck.build/Debug-iphonesimulator/SipCheckUITests.build/Objects-normal/arm64/SipCheckUITests_const_extract_protocols.json -Xcc -iquote -Xcc /Users/runner/Library/Developer/Xcode/DerivedData/SipCheck-apticojzjwokpoevnvszvhgyxxva/Build/Intermediates.noindex/SipCheck.build/Debug-iphonesimulator/SipCheckUITests.build/SipCheckUITests-generated-files.hmap -Xcc -I/Users/runner/Library/Developer/Xcode/DerivedData/SipCheck-apticojzjwokpoevnvszvhgyxxva/Build/Intermediates.noindex/SipCheck.build/Debug-iphonesimulator/SipCheckUITests.build/SipCheckUITests-own-target-headers.hmap -Xcc -I/Users/runner/Library/Developer/Xcode/DerivedData/SipCheck-apticojzjwokpoevnvszvhgyxxva/Build/Intermediates.noindex/SipCheck.build/Debug-iphonesimulator/SipCheckUITests.build/SipCheckUITests-all-target-headers.hmap -Xcc -iquote -Xcc /Users/runner/Library/Developer/Xcode/DerivedData/SipCheck-apticojzjwokpoevnvszvhgyxxva/Build/Intermediates.noindex/SipCheck.build/Debug-iphonesimulator/SipCheckUITests.build/SipCheckUITests-project-headers.hmap -Xcc -I/Users/runner/Library/Developer/Xcode/DerivedData/SipCheck-apticojzjwokpoevnvszvhgyxxva/Build/Products/Debug-iphonesimulator/include -Xcc -I/Users/runner/Library/Developer/Xcode/DerivedData/SipCheck-apticojzjwokpoevnvszvhgyxxva/Build/Intermediates.noindex/SipCheck.build/Debug-iphonesimulator/SipCheckUITests.build/DerivedSources-normal/arm64 -Xcc -I/Users/runner/Library/Developer/Xcode/DerivedData/SipCheck-apticojzjwokpoevnvszvhgyxxva/Build/Intermediates.noindex/SipCheck.build/Debug-iphonesimulator/SipCheckUITests.build/DerivedSources/arm64 -Xcc -I/Users/runner/Library/Developer/Xcode/DerivedData/SipCheck-apticojzjwokpoevnvszvhgyxxva/Build/Intermediates.noindex/SipCheck.build/Debug-iphonesimulator/SipCheckUITests.build/DerivedSources -Xcc -DDEBUG\=1 -emit-objc-header -emit-objc-header-path /Users/runner/Library/Developer/Xcode/DerivedData/SipCheck-apticojzjwokpoevnvszvhgyxxva/Build/Intermediates.noindex/SipCheck.build/Debug-iphonesimulator/SipCheckUITests.build/Objects-normal/arm64/SipCheckUITests-Swift.h -working-directory /Users/runner/work/sipcheck/sipcheck -experimental-emit-module-separately -disable-cmo

SwiftExplicitDependencyGeneratePcm arm64 /Users/runner/Library/Developer/Xcode/DerivedData/SipCheck-apticojzjwokpoevnvszvhgyxxva/Build/Intermediates.noindex/SwiftExplicitPrecompiledModules/XCUIAutomation-1IBJEV88IV4O76XEROAU7LMQO.pcm

SwiftExplicitDependencyCompileModuleFromInterface arm64 /Users/runner/Library/Developer/Xcode/DerivedData/SipCheck-apticojzjwokpoevnvszvhgyxxva/Build/Intermediates.noindex/SwiftExplicitPrecompiledModules/XCUIAutomation-2UTKUQ40L7Q1H.swiftmodule

SwiftExplicitDependencyGeneratePcm arm64 /Users/runner/Library/Developer/Xcode/DerivedData/SipCheck-apticojzjwokpoevnvszvhgyxxva/Build/Intermediates.noindex/SwiftExplicitPrecompiledModules/XCTest-C7YKCNT0IKARGUN7DMI9B8USL.pcm

SwiftExplicitDependencyCompileModuleFromInterface arm64 /Users/runner/Library/Developer/Xcode/DerivedData/SipCheck-apticojzjwokpoevnvszvhgyxxva/Build/Intermediates.noindex/SwiftExplicitPrecompiledModules/XCTest-2NCIBZJYL0EAL.swiftmodule

SwiftEmitModule normal arm64 Emitting\ module\ for\ SipCheckUITests (in target 'SipCheckUITests' from project 'SipCheck')

SwiftCompile normal arm64 /Users/runner/work/sipcheck/sipcheck/SipCheckUITests/SipCheckUITests.swift (in target 'SipCheckUITests' from project 'SipCheck')
    cd /Users/runner/work/sipcheck/sipcheck
    

SwiftEmitModule normal arm64 Emitting\ module\ for\ SipCheckTests (in target 'SipCheckTests' from project 'SipCheck')

EmitSwiftModule normal arm64 (in target 'SipCheckTests' from project 'SipCheck')
    cd /Users/runner/work/sipcheck/sipcheck
    

SwiftCompile normal arm64 Compiling\ SipCheckUITests.swift /Users/runner/work/sipcheck/sipcheck/SipCheckUITests/SipCheckUITests.swift (in target 'SipCheckUITests' from project 'SipCheck')

SwiftCompile normal arm64 /Users/runner/work/sipcheck/sipcheck/SipCheckUITests/SipCheckUITests.swift (in target 'SipCheckUITests' from project 'SipCheck')
    cd /Users/runner/work/sipcheck/sipcheck
    

SwiftDriverJobDiscovery normal arm64 Emitting module for SipCheckUITests (in target 'SipCheckUITests' from project 'SipCheck')

SwiftDriver\ Compilation\ Requirements SipCheckUITests normal arm64 com.apple.xcode.tools.swift.compiler (in target 'SipCheckUITests' from project 'SipCheck')
    cd /Users/runner/work/sipcheck/sipcheck
    builtin-Swift-Compilation-Requirements -- /Applications/Xcode_26.3.app/Contents/Developer/Toolchains/XcodeDefault.xctoolchain/usr/bin/swiftc -module-name SipCheckUITests -Onone -enforce-exclusivity\=checked @/Users/runner/Library/Developer/Xcode/DerivedData/SipCheck-apticojzjwokpoevnvszvhgyxxva/Build/Intermediates.noindex/SipCheck.build/Debug-iphonesimulator/SipCheckUITests.build/Objects-normal/arm64/SipCheckUITests.SwiftFileList -DDEBUG -module-alias Testing\=_Testing_Unavailable -plugin-path /Applications/Xcode_26.3.app/Contents/Developer/Toolchains/XcodeDefault.xctoolchain/usr/lib/swift/host/plugins/testing -enable-bare-slash-regex -enable-experimental-feature DebugDescriptionMacro -sdk /Applications/Xcode_26.3.app/Contents/Developer/Platforms/iPhoneSimulator.platform/Developer/SDKs/iPhoneSimulator26.2.sdk -target arm64-apple-ios17.0-simulator -g -module-cache-path /Users/runner/Library/Developer/Xcode/DerivedData/ModuleCache.noindex -Xfrontend -serialize-debugging-options -profile-coverage-mapping -profile-generate -enable-testing -index-store-path /Users/runner/Library/Developer/Xcode/DerivedData/SipCheck-apticojzjwokpoevnvszvhgyxxva/Index.noindex/DataStore -Xcc -D_LIBCPP_HARDENING_MODE\=_LIBCPP_HARDENING_MODE_DEBUG -swift-version 5 -I /Users/runner/Library/Developer/Xcode/DerivedData/SipCheck-apticojzjwokpoevnvszvhgyxxva/Build/Products/Debug-iphonesimulator -Isystem /Applications/Xcode_26.3.app/Contents/Developer/Platforms/iPhoneSimulator.platform/Developer/usr/lib -F /Users/runner/Library/Developer/Xcode/DerivedData/SipCheck-apticojzjwokpoevnvszvhgyxxva/Build/Products/Debug-iphonesimulator -F /Applications/Xcode_26.3.app/Contents/Developer/Platforms/iPhoneSimulator.platform/Developer/Library/Frameworks -F /Applications/Xcode_26.3.app/Contents/Developer/Platforms/iPhoneSimulator.platform/Developer/SDKs/iPhoneSimulator26.2.sdk/Developer/Library/Frameworks -parse-as-library -c -j3 -enable-batch-mode -incremental -Xcc -ivfsstatcache -Xcc /Users/runner/Library/Developer/Xcode/DerivedData/SDKStatCaches.noindex/iphonesimulator26.2-23C57-dc75598d0054f22ec865fa860f139d72e244bd9a5feaf902f95f61bf06266e52.sdkstatcache -output-file-map /Users/runner/Library/Developer/Xcode/DerivedData/SipCheck-apticojzjwokpoevnvszvhgyxxva/Build/Intermediates.noindex/SipCheck.build/Debug-iphonesimulator/SipCheckUITests.build/Objects-normal/arm64/SipCheckUITests-OutputFileMap.json -use-frontend-parseable-output -save-temps -no-color-diagnostics -explicit-module-build -module-cache-path /Users/runner/Library/Developer/Xcode/DerivedData/SipCheck-apticojzjwokpoevnvszvhgyxxva/Build/Intermediates.noindex/SwiftExplicitPrecompiledModules -clang-scanner-module-cache-path /Users/runner/Library/Developer/Xcode/DerivedData/ModuleCache.noindex -sdk-module-cache-path /Users/runner/Library/Developer/Xcode/DerivedData/ModuleCache.noindex -serialize-diagnostics -emit-dependencies -emit-module -emit-module-path /Users/runner/Library/Developer/Xcode/DerivedData/SipCheck-apticojzjwokpoevnvszvhgyxxva/Build/Intermediates.noindex/SipCheck.build/Debug-iphonesimulator/SipCheckUITests.build/Objects-normal/arm64/SipCheckUITests.swiftmodule -validate-clang-modules-once -clang-build-session-file /Users/runner/Library/Developer/Xcode/DerivedData/ModuleCache.noindex/Session.modulevalidation -Xcc -I/Users/runner/Library/Developer/Xcode/DerivedData/SipCheck-apticojzjwokpoevnvszvhgyxxva/Build/Intermediates.noindex/SipCheck.build/Debug-iphonesimulator/SipCheckUITests.build/swift-overrides.hmap -emit-const-values -Xfrontend -const-gather-protocols-file -Xfrontend /Users/runner/Library/Developer/Xcode/DerivedData/SipCheck-apticojzjwokpoevnvszvhgyxxva/Build/Intermediates.noindex/SipCheck.build/Debug-iphonesimulator/SipCheckUITests.build/Objects-normal/arm64/SipCheckUITests_const_extract_protocols.json -Xcc -iquote -Xcc /Users/runner/Library/Developer/Xcode/DerivedData/SipCheck-apticojzjwokpoevnvszvhgyxxva/Build/Intermediates.noindex/SipCheck.build/Debug-iphonesimulator/SipCheckUITests.build/SipCheckUITests-generated-files.hmap -Xcc -I/Users/runner/Library/Developer/Xcode/DerivedData/SipCheck-apticojzjwokpoevnvszvhgyxxva/Build/Intermediates.noindex/SipCheck.build/Debug-iphonesimulator/SipCheckUITests.build/SipCheckUITests-own-target-headers.hmap -Xcc -I/Users/runner/Library/Developer/Xcode/DerivedData/SipCheck-apticojzjwokpoevnvszvhgyxxva/Build/Intermediates.noindex/SipCheck.build/Debug-iphonesimulator/SipCheckUITests.build/SipCheckUITests-all-target-headers.hmap -Xcc -iquote -Xcc /Users/runner/Library/Developer/Xcode/DerivedData/SipCheck-apticojzjwokpoevnvszvhgyxxva/Build/Intermediates.noindex/SipCheck.build/Debug-iphonesimulator/SipCheckUITests.build/SipCheckUITests-project-headers.hmap -Xcc -I/Users/runner/Library/Developer/Xcode/DerivedData/SipCheck-apticojzjwokpoevnvszvhgyxxva/Build/Products/Debug-iphonesimulator/include -Xcc -I/Users/runner/Library/Developer/Xcode/DerivedData/SipCheck-apticojzjwokpoevnvszvhgyxxva/Build/Intermediates.noindex/SipCheck.build/Debug-iphonesimulator/SipCheckUITests.build/DerivedSources-normal/arm64 -Xcc -I/Users/runner/Library/Developer/Xcode/DerivedData/SipCheck-apticojzjwokpoevnvszvhgyxxva/Build/Intermediates.noindex/SipCheck.build/Debug-iphonesimulator/SipCheckUITests.build/DerivedSources/arm64 -Xcc -I/Users/runner/Library/Developer/Xcode/DerivedData/SipCheck-apticojzjwokpoevnvszvhgyxxva/Build/Intermediates.noindex/SipCheck.build/Debug-iphonesimulator/SipCheckUITests.build/DerivedSources -Xcc -DDEBUG\=1 -emit-objc-header -emit-objc-header-path /Users/runner/Library/Developer/Xcode/DerivedData/SipCheck-apticojzjwokpoevnvszvhgyxxva/Build/Intermediates.noindex/SipCheck.build/Debug-iphonesimulator/SipCheckUITests.build/Objects-normal/arm64/SipCheckUITests-Swift.h -working-directory /Users/runner/work/sipcheck/sipcheck -experimental-emit-module-separately -disable-cmo

SwiftDriverJobDiscovery normal arm64 Emitting module for SipCheckTests (in target 'SipCheckTests' from project 'SipCheck')

SwiftCompile normal arm64 Compiling\ RecommendationArchetypeEvalTests.swift,\ BeerDiscoveryServiceTests.swift,\ BeerLibraryProjectionTests.swift,\ DeveloperScenarioTests.swift /Users/runner/work/sipcheck/sipcheck/SipCheckTests/RecommendationArchetypeEvalTests.swift /Users/runner/work/sipcheck/sipcheck/SipCheckTests/BeerDiscoveryServiceTests.swift /Users/runner/work/sipcheck/sipcheck/SipCheckTests/BeerLibraryProjectionTests.swift /Users/runner/work/sipcheck/sipcheck/SipCheckTests/DeveloperScenarioTests.swift (in target 'SipCheckTests' from project 'SipCheck')

SwiftCompile normal arm64 /Users/runner/work/sipcheck/sipcheck/SipCheckTests/RecommendationArchetypeEvalTests.swift (in target 'SipCheckTests' from project 'SipCheck')
    cd /Users/runner/work/sipcheck/sipcheck
    

SwiftCompile normal arm64 /Users/runner/work/sipcheck/sipcheck/SipCheckTests/BeerDiscoveryServiceTests.swift (in target 'SipCheckTests' from project 'SipCheck')
    cd /Users/runner/work/sipcheck/sipcheck
    

SwiftCompile normal arm64 /Users/runner/work/sipcheck/sipcheck/SipCheckTests/BeerLibraryProjectionTests.swift (in target 'SipCheckTests' from project 'SipCheck')
    cd /Users/runner/work/sipcheck/sipcheck
    

SwiftCompile normal arm64 /Users/runner/work/sipcheck/sipcheck/SipCheckTests/DeveloperScenarioTests.swift (in target 'SipCheckTests' from project 'SipCheck')
    cd /Users/runner/work/sipcheck/sipcheck
    

SwiftMergeGeneratedHeaders /Users/runner/Library/Developer/Xcode/DerivedData/SipCheck-apticojzjwokpoevnvszvhgyxxva/Build/Intermediates.noindex/SipCheck.build/Debug-iphonesimulator/SipCheckUITests.build/DerivedSources/SipCheckUITests-Swift.h /Users/runner/Library/Developer/Xcode/DerivedData/SipCheck-apticojzjwokpoevnvszvhgyxxva/Build/Intermediates.noindex/SipCheck.build/Debug-iphonesimulator/SipCheckUITests.build/Objects-normal/arm64/SipCheckUITests-Swift.h (in target 'SipCheckUITests' from project 'SipCheck')
    cd /Users/runner/work/sipcheck/sipcheck
    builtin-swiftHeaderTool -arch arm64 /Users/runner/Library/Developer/Xcode/DerivedData/SipCheck-apticojzjwokpoevnvszvhgyxxva/Build/Intermediates.noindex/SipCheck.build/Debug-iphonesimulator/SipCheckUITests.build/Objects-normal/arm64/SipCheckUITests-Swift.h -o /Users/runner/Library/Developer/Xcode/DerivedData/SipCheck-apticojzjwokpoevnvszvhgyxxva/Build/Intermediates.noindex/SipCheck.build/Debug-iphonesimulator/SipCheckUITests.build/DerivedSources/SipCheckUITests-Swift.h

SwiftDriverJobDiscovery normal arm64 Compiling SipCheckUITests.swift (in target 'SipCheckUITests' from project 'SipCheck')

Copy /Users/runner/Library/Developer/Xcode/DerivedData/SipCheck-apticojzjwokpoevnvszvhgyxxva/Build/Products/Debug-iphonesimulator/SipCheckUITests.swiftmodule/arm64-apple-ios-simulator.swiftmodule /Users/runner/Library/Developer/Xcode/DerivedData/SipCheck-apticojzjwokpoevnvszvhgyxxva/Build/Intermediates.noindex/SipCheck.build/Debug-iphonesimulator/SipCheckUITests.build/Objects-normal/arm64/SipCheckUITests.swiftmodule (in target 'SipCheckUITests' from project 'SipCheck')
    cd /Users/runner/work/sipcheck/sipcheck
    builtin-copy -exclude .DS_Store -exclude CVS -exclude .svn -exclude .git -exclude .hg -resolve-src-symlinks -rename /Users/runner/Library/Developer/Xcode/DerivedData/SipCheck-apticojzjwokpoevnvszvhgyxxva/Build/Intermediates.noindex/SipCheck.build/Debug-iphonesimulator/SipCheckUITests.build/Objects-normal/arm64/SipCheckUITests.swiftmodule /Users/runner/Library/Developer/Xcode/DerivedData/SipCheck-apticojzjwokpoevnvszvhgyxxva/Build/Products/Debug-iphonesimulator/SipCheckUITests.swiftmodule/arm64-apple-ios-simulator.swiftmodule

Copy /Users/runner/Library/Developer/Xcode/DerivedData/SipCheck-apticojzjwokpoevnvszvhgyxxva/Build/Products/Debug-iphonesimulator/SipCheckUITests.swiftmodule/arm64-apple-ios-simulator.swiftdoc /Users/runner/Library/Developer/Xcode/DerivedData/SipCheck-apticojzjwokpoevnvszvhgyxxva/Build/Intermediates.noindex/SipCheck.build/Debug-iphonesimulator/SipCheckUITests.build/Objects-normal/arm64/SipCheckUITests.swiftdoc (in target 'SipCheckUITests' from project 'SipCheck')
    cd /Users/runner/work/sipcheck/sipcheck
    builtin-copy -exclude .DS_Store -exclude CVS -exclude .svn -exclude .git -exclude .hg -resolve-src-symlinks -rename /Users/runner/Library/Developer/Xcode/DerivedData/SipCheck-apticojzjwokpoevnvszvhgyxxva/Build/Intermediates.noindex/SipCheck.build/Debug-iphonesimulator/SipCheckUITests.build/Objects-normal/arm64/SipCheckUITests.swiftdoc /Users/runner/Library/Developer/Xcode/DerivedData/SipCheck-apticojzjwokpoevnvszvhgyxxva/Build/Products/Debug-iphonesimulator/SipCheckUITests.swiftmodule/arm64-apple-ios-simulator.swiftdoc

Copy /Users/runner/Library/Developer/Xcode/DerivedData/SipCheck-apticojzjwokpoevnvszvhgyxxva/Build/Products/Debug-iphonesimulator/SipCheckUITests.swiftmodule/arm64-apple-ios-simulator.abi.json /Users/runner/Library/Developer/Xcode/DerivedData/SipCheck-apticojzjwokpoevnvszvhgyxxva/Build/Intermediates.noindex/SipCheck.build/Debug-iphonesimulator/SipCheckUITests.build/Objects-normal/arm64/SipCheckUITests.abi.json (in target 'SipCheckUITests' from project 'SipCheck')
    cd /Users/runner/work/sipcheck/sipcheck
    builtin-copy -exclude .DS_Store -exclude CVS -exclude .svn -exclude .git -exclude .hg -resolve-src-symlinks -rename /Users/runner/Library/Developer/Xcode/DerivedData/SipCheck-apticojzjwokpoevnvszvhgyxxva/Build/Intermediates.noindex/SipCheck.build/Debug-iphonesimulator/SipCheckUITests.build/Objects-normal/arm64/SipCheckUITests.abi.json /Users/runner/Library/Developer/Xcode/DerivedData/SipCheck-apticojzjwokpoevnvszvhgyxxva/Build/Products/Debug-iphonesimulator/SipCheckUITests.swiftmodule/arm64-apple-ios-simulator.abi.json

Copy /Users/runner/Library/Developer/Xcode/DerivedData/SipCheck-apticojzjwokpoevnvszvhgyxxva/Build/Products/Debug-iphonesimulator/SipCheckUITests.swiftmodule/Project/arm64-apple-ios-simulator.swiftsourceinfo /Users/runner/Library/Developer/Xcode/DerivedData/SipCheck-apticojzjwokpoevnvszvhgyxxva/Build/Intermediates.noindex/SipCheck.build/Debug-iphonesimulator/SipCheckUITests.build/Objects-normal/arm64/SipCheckUITests.swiftsourceinfo (in target 'SipCheckUITests' from project 'SipCheck')
    cd /Users/runner/work/sipcheck/sipcheck
    builtin-copy -exclude .DS_Store -exclude CVS -exclude .svn -exclude .git -exclude .hg -resolve-src-symlinks -rename /Users/runner/Library/Developer/Xcode/DerivedData/SipCheck-apticojzjwokpoevnvszvhgyxxva/Build/Intermediates.noindex/SipCheck.build/Debug-iphonesimulator/SipCheckUITests.build/Objects-normal/arm64/SipCheckUITests.swiftsourceinfo /Users/runner/Library/Developer/Xcode/DerivedData/SipCheck-apticojzjwokpoevnvszvhgyxxva/Build/Products/Debug-iphonesimulator/SipCheckUITests.swiftmodule/Project/arm64-apple-ios-simulator.swiftsourceinfo

SwiftDriver\ Compilation\ Requirements SipCheckTests normal arm64 com.apple.xcode.tools.swift.compiler (in target 'SipCheckTests' from project 'SipCheck')
    cd /Users/runner/work/sipcheck/sipcheck
    builtin-Swift-Compilation-Requirements -- /Applications/Xcode_26.3.app/Contents/Developer/Toolchains/XcodeDefault.xctoolchain/usr/bin/swiftc -module-name SipCheckTests -Onone -enforce-exclusivity\=checked @/Users/runner/Library/Developer/Xcode/DerivedData/SipCheck-apticojzjwokpoevnvszvhgyxxva/Build/Intermediates.noindex/SipCheck.build/Debug-iphonesimulator/SipCheckTests.build/Objects-normal/arm64/SipCheckTests.SwiftFileList -DDEBUG -plugin-path /Applications/Xcode_26.3.app/Contents/Developer/Toolchains/XcodeDefault.xctoolchain/usr/lib/swift/host/plugins/testing -enable-bare-slash-regex -enable-experimental-feature DebugDescriptionMacro -sdk /Applications/Xcode_26.3.app/Contents/Developer/Platforms/iPhoneSimulator.platform/Developer/SDKs/iPhoneSimulator26.2.sdk -target arm64-apple-ios17.0-simulator -g -module-cache-path /Users/runner/Library/Developer/Xcode/DerivedData/ModuleCache.noindex -Xfrontend -serialize-debugging-options -profile-coverage-mapping -profile-generate -enable-testing -index-store-path /Users/runner/Library/Developer/Xcode/DerivedData/SipCheck-apticojzjwokpoevnvszvhgyxxva/Index.noindex/DataStore -Xcc -D_LIBCPP_HARDENING_MODE\=_LIBCPP_HARDENING_MODE_DEBUG -swift-version 5 -I /Users/runner/Library/Developer/Xcode/DerivedData/SipCheck-apticojzjwokpoevnvszvhgyxxva/Build/Products/Debug-iphonesimulator -Isystem /Applications/Xcode_26.3.app/Contents/Developer/Platforms/iPhoneSimulator.platform/Developer/usr/lib -F /Users/runner/Library/Developer/Xcode/DerivedData/SipCheck-apticojzjwokpoevnvszvhgyxxva/Build/Products/Debug-iphonesimulator -F /Applications/Xcode_26.3.app/Contents/Developer/Platforms/iPhoneSimulator.platform/Developer/Library/Frameworks -F /Applications/Xcode_26.3.app/Contents/Developer/Platforms/iPhoneSimulator.platform/Developer/SDKs/iPhoneSimulator26.2.sdk/Developer/Library/Frameworks -c -j3 -enable-batch-mode -incremental -Xcc -ivfsstatcache -Xcc /Users/runner/Library/Developer/Xcode/DerivedData/SDKStatCaches.noindex/iphonesimulator26.2-23C57-dc75598d0054f22ec865fa860f139d72e244bd9a5feaf902f95f61bf06266e52.sdkstatcache -output-file-map /Users/runner/Library/Developer/Xcode/DerivedData/SipCheck-apticojzjwokpoevnvszvhgyxxva/Build/Intermediates.noindex/SipCheck.build/Debug-iphonesimulator/SipCheckTests.build/Objects-normal/arm64/SipCheckTests-OutputFileMap.json -use-frontend-parseable-output -save-temps -no-color-diagnostics -explicit-module-build -module-cache-path /Users/runner/Library/Developer/Xcode/DerivedData/SipCheck-apticojzjwokpoevnvszvhgyxxva/Build/Intermediates.noindex/SwiftExplicitPrecompiledModules -clang-scanner-module-cache-path /Users/runner/Library/Developer/Xcode/DerivedData/ModuleCache.noindex -sdk-module-cache-path /Users/runner/Library/Developer/Xcode/DerivedData/ModuleCache.noindex -serialize-diagnostics -emit-dependencies -emit-module -emit-module-path /Users/runner/Library/Developer/Xcode/DerivedData/SipCheck-apticojzjwokpoevnvszvhgyxxva/Build/Intermediates.noindex/SipCheck.build/Debug-iphonesimulator/SipCheckTests.build/Objects-normal/arm64/SipCheckTests.swiftmodule -validate-clang-modules-once -clang-build-session-file /Users/runner/Library/Developer/Xcode/DerivedData/ModuleCache.noindex/Session.modulevalidation -Xcc -I/Users/runner/Library/Developer/Xcode/DerivedData/SipCheck-apticojzjwokpoevnvszvhgyxxva/Build/Intermediates.noindex/SipCheck.build/Debug-iphonesimulator/SipCheckTests.build/swift-overrides.hmap -emit-const-values -Xfrontend -const-gather-protocols-file -Xfrontend /Users/runner/Library/Developer/Xcode/DerivedData/SipCheck-apticojzjwokpoevnvszvhgyxxva/Build/Intermediates.noindex/SipCheck.build/Debug-iphonesimulator/SipCheckTests.build/Objects-normal/arm64/SipCheckTests_const_extract_protocols.json -Xcc -iquote -Xcc /Users/runner/Library/Developer/Xcode/DerivedData/SipCheck-apticojzjwokpoevnvszvhgyxxva/Build/Intermediates.noindex/SipCheck.build/Debug-iphonesimulator/SipCheckTests.build/SipCheckTests-generated-files.hmap -Xcc -I/Users/runner/Library/Developer/Xcode/DerivedData/SipCheck-apticojzjwokpoevnvszvhgyxxva/Build/Intermediates.noindex/SipCheck.build/Debug-iphonesimulator/SipCheckTests.build/SipCheckTests-own-target-headers.hmap -Xcc -I/Users/runner/Library/Developer/Xcode/DerivedData/SipCheck-apticojzjwokpoevnvszvhgyxxva/Build/Intermediates.noindex/SipCheck.build/Debug-iphonesimulator/SipCheckTests.build/SipCheckTests-all-target-headers.hmap -Xcc -iquote -Xcc /Users/runner/Library/Developer/Xcode/DerivedData/SipCheck-apticojzjwokpoevnvszvhgyxxva/Build/Intermediates.noindex/SipCheck.build/Debug-iphonesimulator/SipCheckTests.build/SipCheckTests-project-headers.hmap -Xcc -I/Users/runner/Library/Developer/Xcode/DerivedData/SipCheck-apticojzjwokpoevnvszvhgyxxva/Build/Products/Debug-iphonesimulator/include -Xcc -I/Users/runner/Library/Developer/Xcode/DerivedData/SipCheck-apticojzjwokpoevnvszvhgyxxva/Build/Intermediates.noindex/SipCheck.build/Debug-iphonesimulator/SipCheckTests.build/DerivedSources-normal/arm64 -Xcc -I/Users/runner/Library/Developer/Xcode/DerivedData/SipCheck-apticojzjwokpoevnvszvhgyxxva/Build/Intermediates.noindex/SipCheck.build/Debug-iphonesimulator/SipCheckTests.build/DerivedSources/arm64 -Xcc -I/Users/runner/Library/Developer/Xcode/DerivedData/SipCheck-apticojzjwokpoevnvszvhgyxxva/Build/Intermediates.noindex/SipCheck.build/Debug-iphonesimulator/SipCheckTests.build/DerivedSources -Xcc -DDEBUG\=1 -emit-objc-header -emit-objc-header-path /Users/runner/Library/Developer/Xcode/DerivedData/SipCheck-apticojzjwokpoevnvszvhgyxxva/Build/Intermediates.noindex/SipCheck.build/Debug-iphonesimulator/SipCheckTests.build/Objects-normal/arm64/SipCheckTests-Swift.h -working-directory /Users/runner/work/sipcheck/sipcheck -experimental-emit-module-separately -disable-cmo

SwiftDriver\ Compilation SipCheckUITests normal arm64 com.apple.xcode.tools.swift.compiler (in target 'SipCheckUITests' from project 'SipCheck')
    cd /Users/runner/work/sipcheck/sipcheck
    builtin-Swift-Compilation -- /Applications/Xcode_26.3.app/Contents/Developer/Toolchains/XcodeDefault.xctoolchain/usr/bin/swiftc -module-name SipCheckUITests -Onone -enforce-exclusivity\=checked @/Users/runner/Library/Developer/Xcode/DerivedData/SipCheck-apticojzjwokpoevnvszvhgyxxva/Build/Intermediates.noindex/SipCheck.build/Debug-iphonesimulator/SipCheckUITests.build/Objects-normal/arm64/SipCheckUITests.SwiftFileList -DDEBUG -module-alias Testing\=_Testing_Unavailable -plugin-path /Applications/Xcode_26.3.app/Contents/Developer/Toolchains/XcodeDefault.xctoolchain/usr/lib/swift/host/plugins/testing -enable-bare-slash-regex -enable-experimental-feature DebugDescriptionMacro -sdk /Applications/Xcode_26.3.app/Contents/Developer/Platforms/iPhoneSimulator.platform/Developer/SDKs/iPhoneSimulator26.2.sdk -target arm64-apple-ios17.0-simulator -g -module-cache-path /Users/runner/Library/Developer/Xcode/DerivedData/ModuleCache.noindex -Xfrontend -serialize-debugging-options -profile-coverage-mapping -profile-generate -enable-testing -index-store-path /Users/runner/Library/Developer/Xcode/DerivedData/SipCheck-apticojzjwokpoevnvszvhgyxxva/Index.noindex/DataStore -Xcc -D_LIBCPP_HARDENING_MODE\=_LIBCPP_HARDENING_MODE_DEBUG -swift-version 5 -I /Users/runner/Library/Developer/Xcode/DerivedData/SipCheck-apticojzjwokpoevnvszvhgyxxva/Build/Products/Debug-iphonesimulator -Isystem /Applications/Xcode_26.3.app/Contents/Developer/Platforms/iPhoneSimulator.platform/Developer/usr/lib -F /Users/runner/Library/Developer/Xcode/DerivedData/SipCheck-apticojzjwokpoevnvszvhgyxxva/Build/Products/Debug-iphonesimulator -F /Applications/Xcode_26.3.app/Contents/Developer/Platforms/iPhoneSimulator.platform/Developer/Library/Frameworks -F /Applications/Xcode_26.3.app/Contents/Developer/Platforms/iPhoneSimulator.platform/Developer/SDKs/iPhoneSimulator26.2.sdk/Developer/Library/Frameworks -parse-as-library -c -j3 -enable-batch-mode -incremental -Xcc -ivfsstatcache -Xcc /Users/runner/Library/Developer/Xcode/DerivedData/SDKStatCaches.noindex/iphonesimulator26.2-23C57-dc75598d0054f22ec865fa860f139d72e244bd9a5feaf902f95f61bf06266e52.sdkstatcache -output-file-map /Users/runner/Library/Developer/Xcode/DerivedData/SipCheck-apticojzjwokpoevnvszvhgyxxva/Build/Intermediates.noindex/SipCheck.build/Debug-iphonesimulator/SipCheckUITests.build/Objects-normal/arm64/SipCheckUITests-OutputFileMap.json -use-frontend-parseable-output -save-temps -no-color-diagnostics -explicit-module-build -module-cache-path /Users/runner/Library/Developer/Xcode/DerivedData/SipCheck-apticojzjwokpoevnvszvhgyxxva/Build/Intermediates.noindex/SwiftExplicitPrecompiledModules -clang-scanner-module-cache-path /Users/runner/Library/Developer/Xcode/DerivedData/ModuleCache.noindex -sdk-module-cache-path /Users/runner/Library/Developer/Xcode/DerivedData/ModuleCache.noindex -serialize-diagnostics -emit-dependencies -emit-module -emit-module-path /Users/runner/Library/Developer/Xcode/DerivedData/SipCheck-apticojzjwokpoevnvszvhgyxxva/Build/Intermediates.noindex/SipCheck.build/Debug-iphonesimulator/SipCheckUITests.build/Objects-normal/arm64/SipCheckUITests.swiftmodule -validate-clang-modules-once -clang-build-session-file /Users/runner/Library/Developer/Xcode/DerivedData/ModuleCache.noindex/Session.modulevalidation -Xcc -I/Users/runner/Library/Developer/Xcode/DerivedData/SipCheck-apticojzjwokpoevnvszvhgyxxva/Build/Intermediates.noindex/SipCheck.build/Debug-iphonesimulator/SipCheckUITests.build/swift-overrides.hmap -emit-const-values -Xfrontend -const-gather-protocols-file -Xfrontend /Users/runner/Library/Developer/Xcode/DerivedData/SipCheck-apticojzjwokpoevnvszvhgyxxva/Build/Intermediates.noindex/SipCheck.build/Debug-iphonesimulator/SipCheckUITests.build/Objects-normal/arm64/SipCheckUITests_const_extract_protocols.json -Xcc -iquote -Xcc /Users/runner/Library/Developer/Xcode/DerivedData/SipCheck-apticojzjwokpoevnvszvhgyxxva/Build/Intermediates.noindex/SipCheck.build/Debug-iphonesimulator/SipCheckUITests.build/SipCheckUITests-generated-files.hmap -Xcc -I/Users/runner/Library/Developer/Xcode/DerivedData/SipCheck-apticojzjwokpoevnvszvhgyxxva/Build/Intermediates.noindex/SipCheck.build/Debug-iphonesimulator/SipCheckUITests.build/SipCheckUITests-own-target-headers.hmap -Xcc -I/Users/runner/Library/Developer/Xcode/DerivedData/SipCheck-apticojzjwokpoevnvszvhgyxxva/Build/Intermediates.noindex/SipCheck.build/Debug-iphonesimulator/SipCheckUITests.build/SipCheckUITests-all-target-headers.hmap -Xcc -iquote -Xcc /Users/runner/Library/Developer/Xcode/DerivedData/SipCheck-apticojzjwokpoevnvszvhgyxxva/Build/Intermediates.noindex/SipCheck.build/Debug-iphonesimulator/SipCheckUITests.build/SipCheckUITests-project-headers.hmap -Xcc -I/Users/runner/Library/Developer/Xcode/DerivedData/SipCheck-apticojzjwokpoevnvszvhgyxxva/Build/Products/Debug-iphonesimulator/include -Xcc -I/Users/runner/Library/Developer/Xcode/DerivedData/SipCheck-apticojzjwokpoevnvszvhgyxxva/Build/Intermediates.noindex/SipCheck.build/Debug-iphonesimulator/SipCheckUITests.build/DerivedSources-normal/arm64 -Xcc -I/Users/runner/Library/Developer/Xcode/DerivedData/SipCheck-apticojzjwokpoevnvszvhgyxxva/Build/Intermediates.noindex/SipCheck.build/Debug-iphonesimulator/SipCheckUITests.build/DerivedSources/arm64 -Xcc -I/Users/runner/Library/Developer/Xcode/DerivedData/SipCheck-apticojzjwokpoevnvszvhgyxxva/Build/Intermediates.noindex/SipCheck.build/Debug-iphonesimulator/SipCheckUITests.build/DerivedSources -Xcc -DDEBUG\=1 -emit-objc-header -emit-objc-header-path /Users/runner/Library/Developer/Xcode/DerivedData/SipCheck-apticojzjwokpoevnvszvhgyxxva/Build/Intermediates.noindex/SipCheck.build/Debug-iphonesimulator/SipCheckUITests.build/Objects-normal/arm64/SipCheckUITests-Swift.h -working-directory /Users/runner/work/sipcheck/sipcheck -experimental-emit-module-separately -disable-cmo

SwiftMergeGeneratedHeaders /Users/runner/Library/Developer/Xcode/DerivedData/SipCheck-apticojzjwokpoevnvszvhgyxxva/Build/Intermediates.noindex/SipCheck.build/Debug-iphonesimulator/SipCheckTests.build/DerivedSources/SipCheckTests-Swift.h /Users/runner/Library/Developer/Xcode/DerivedData/SipCheck-apticojzjwokpoevnvszvhgyxxva/Build/Intermediates.noindex/SipCheck.build/Debug-iphonesimulator/SipCheckTests.build/Objects-normal/arm64/SipCheckTests-Swift.h (in target 'SipCheckTests' from project 'SipCheck')
    cd /Users/runner/work/sipcheck/sipcheck
    builtin-swiftHeaderTool -arch arm64 /Users/runner/Library/Developer/Xcode/DerivedData/SipCheck-apticojzjwokpoevnvszvhgyxxva/Build/Intermediates.noindex/SipCheck.build/Debug-iphonesimulator/SipCheckTests.build/Objects-normal/arm64/SipCheckTests-Swift.h -o /Users/runner/Library/Developer/Xcode/DerivedData/SipCheck-apticojzjwokpoevnvszvhgyxxva/Build/Intermediates.noindex/SipCheck.build/Debug-iphonesimulator/SipCheckTests.build/DerivedSources/SipCheckTests-Swift.h

Copy /Users/runner/Library/Developer/Xcode/DerivedData/SipCheck-apticojzjwokpoevnvszvhgyxxva/Build/Products/Debug-iphonesimulator/SipCheckTests.swiftmodule/arm64-apple-ios-simulator.swiftmodule /Users/runner/Library/Developer/Xcode/DerivedData/SipCheck-apticojzjwokpoevnvszvhgyxxva/Build/Intermediates.noindex/SipCheck.build/Debug-iphonesimulator/SipCheckTests.build/Objects-normal/arm64/SipCheckTests.swiftmodule (in target 'SipCheckTests' from project 'SipCheck')
    cd /Users/runner/work/sipcheck/sipcheck
    builtin-copy -exclude .DS_Store -exclude CVS -exclude .svn -exclude .git -exclude .hg -resolve-src-symlinks -rename /Users/runner/Library/Developer/Xcode/DerivedData/SipCheck-apticojzjwokpoevnvszvhgyxxva/Build/Intermediates.noindex/SipCheck.build/Debug-iphonesimulator/SipCheckTests.build/Objects-normal/arm64/SipCheckTests.swiftmodule /Users/runner/Library/Developer/Xcode/DerivedData/SipCheck-apticojzjwokpoevnvszvhgyxxva/Build/Products/Debug-iphonesimulator/SipCheckTests.swiftmodule/arm64-apple-ios-simulator.swiftmodule

Copy /Users/runner/Library/Developer/Xcode/DerivedData/SipCheck-apticojzjwokpoevnvszvhgyxxva/Build/Products/Debug-iphonesimulator/SipCheckTests.swiftmodule/arm64-apple-ios-simulator.swiftdoc /Users/runner/Library/Developer/Xcode/DerivedData/SipCheck-apticojzjwokpoevnvszvhgyxxva/Build/Intermediates.noindex/SipCheck.build/Debug-iphonesimulator/SipCheckTests.build/Objects-normal/arm64/SipCheckTests.swiftdoc (in target 'SipCheckTests' from project 'SipCheck')
    cd /Users/runner/work/sipcheck/sipcheck
    builtin-copy -exclude .DS_Store -exclude CVS -exclude .svn -exclude .git -exclude .hg -resolve-src-symlinks -rename /Users/runner/Library/Developer/Xcode/DerivedData/SipCheck-apticojzjwokpoevnvszvhgyxxva/Build/Intermediates.noindex/SipCheck.build/Debug-iphonesimulator/SipCheckTests.build/Objects-normal/arm64/SipCheckTests.swiftdoc /Users/runner/Library/Developer/Xcode/DerivedData/SipCheck-apticojzjwokpoevnvszvhgyxxva/Build/Products/Debug-iphonesimulator/SipCheckTests.swiftmodule/arm64-apple-ios-simulator.swiftdoc

Copy /Users/runner/Library/Developer/Xcode/DerivedData/SipCheck-apticojzjwokpoevnvszvhgyxxva/Build/Products/Debug-iphonesimulator/SipCheckTests.swiftmodule/arm64-apple-ios-simulator.abi.json /Users/runner/Library/Developer/Xcode/DerivedData/SipCheck-apticojzjwokpoevnvszvhgyxxva/Build/Intermediates.noindex/SipCheck.build/Debug-iphonesimulator/SipCheckTests.build/Objects-normal/arm64/SipCheckTests.abi.json (in target 'SipCheckTests' from project 'SipCheck')
    cd /Users/runner/work/sipcheck/sipcheck
    builtin-copy -exclude .DS_Store -exclude CVS -exclude .svn -exclude .git -exclude .hg -resolve-src-symlinks -rename /Users/runner/Library/Developer/Xcode/DerivedData/SipCheck-apticojzjwokpoevnvszvhgyxxva/Build/Intermediates.noindex/SipCheck.build/Debug-iphonesimulator/SipCheckTests.build/Objects-normal/arm64/SipCheckTests.abi.json /Users/runner/Library/Developer/Xcode/DerivedData/SipCheck-apticojzjwokpoevnvszvhgyxxva/Build/Products/Debug-iphonesimulator/SipCheckTests.swiftmodule/arm64-apple-ios-simulator.abi.json

Copy /Users/runner/Library/Developer/Xcode/DerivedData/SipCheck-apticojzjwokpoevnvszvhgyxxva/Build/Products/Debug-iphonesimulator/SipCheckTests.swiftmodule/Project/arm64-apple-ios-simulator.swiftsourceinfo /Users/runner/Library/Developer/Xcode/DerivedData/SipCheck-apticojzjwokpoevnvszvhgyxxva/Build/Intermediates.noindex/SipCheck.build/Debug-iphonesimulator/SipCheckTests.build/Objects-normal/arm64/SipCheckTests.swiftsourceinfo (in target 'SipCheckTests' from project 'SipCheck')
    cd /Users/runner/work/sipcheck/sipcheck
    builtin-copy -exclude .DS_Store -exclude CVS -exclude .svn -exclude .git -exclude .hg -resolve-src-symlinks -rename /Users/runner/Library/Developer/Xcode/DerivedData/SipCheck-apticojzjwokpoevnvszvhgyxxva/Build/Intermediates.noindex/SipCheck.build/Debug-iphonesimulator/SipCheckTests.build/Objects-normal/arm64/SipCheckTests.swiftsourceinfo /Users/runner/Library/Developer/Xcode/DerivedData/SipCheck-apticojzjwokpoevnvszvhgyxxva/Build/Products/Debug-iphonesimulator/SipCheckTests.swiftmodule/Project/arm64-apple-ios-simulator.swiftsourceinfo

SwiftCompile normal arm64 Compiling\ BeerMatcherTests.swift,\ DrinkStoreTests.swift,\ ScanningPipelineTests.swift,\ PipelineIntegrationTests.swift /Users/runner/work/sipcheck/sipcheck/SipCheckTests/BeerMatcherTests.swift /Users/runner/work/sipcheck/sipcheck/SipCheckTests/DrinkStoreTests.swift /Users/runner/work/sipcheck/sipcheck/SipCheckTests/ScanningPipelineTests.swift /Users/runner/work/sipcheck/sipcheck/SipCheckTests/PipelineIntegrationTests.swift (in target 'SipCheckTests' from project 'SipCheck')

SwiftCompile normal arm64 /Users/runner/work/sipcheck/sipcheck/SipCheckTests/BeerMatcherTests.swift (in target 'SipCheckTests' from project 'SipCheck')
    cd /Users/runner/work/sipcheck/sipcheck
    

SwiftCompile normal arm64 /Users/runner/work/sipcheck/sipcheck/SipCheckTests/DrinkStoreTests.swift (in target 'SipCheckTests' from project 'SipCheck')
    cd /Users/runner/work/sipcheck/sipcheck
    

SwiftCompile normal arm64 /Users/runner/work/sipcheck/sipcheck/SipCheckTests/ScanningPipelineTests.swift (in target 'SipCheckTests' from project 'SipCheck')
    cd /Users/runner/work/sipcheck/sipcheck
    

SwiftCompile normal arm64 /Users/runner/work/sipcheck/sipcheck/SipCheckTests/PipelineIntegrationTests.swift (in target 'SipCheckTests' from project 'SipCheck')
    cd /Users/runner/work/sipcheck/sipcheck
    

SwiftDriverJobDiscovery normal arm64 Compiling BeerMatcherTests.swift, DrinkStoreTests.swift, ScanningPipelineTests.swift, PipelineIntegrationTests.swift (in target 'SipCheckTests' from project 'SipCheck')

SwiftCompile normal arm64 Compiling\ StoreIntegrationTests.swift,\ ScanStoreTests.swift,\ JournalStoreTests.swift,\ TasteScorerSeedTests.swift /Users/runner/work/sipcheck/sipcheck/SipCheckTests/StoreIntegrationTests.swift /Users/runner/work/sipcheck/sipcheck/SipCheckTests/ScanStoreTests.swift /Users/runner/work/sipcheck/sipcheck/SipCheckTests/JournalStoreTests.swift /Users/runner/work/sipcheck/sipcheck/SipCheckTests/TasteScorerSeedTests.swift (in target 'SipCheckTests' from project 'SipCheck')

SwiftCompile normal arm64 /Users/runner/work/sipcheck/sipcheck/SipCheckTests/StoreIntegrationTests.swift (in target 'SipCheckTests' from project 'SipCheck')
    cd /Users/runner/work/sipcheck/sipcheck
    

SwiftCompile normal arm64 /Users/runner/work/sipcheck/sipcheck/SipCheckTests/ScanStoreTests.swift (in target 'SipCheckTests' from project 'SipCheck')
    cd /Users/runner/work/sipcheck/sipcheck
    

SwiftCompile normal arm64 /Users/runner/work/sipcheck/sipcheck/SipCheckTests/JournalStoreTests.swift (in target 'SipCheckTests' from project 'SipCheck')
    cd /Users/runner/work/sipcheck/sipcheck
    

SwiftCompile normal arm64 /Users/runner/work/sipcheck/sipcheck/SipCheckTests/TasteScorerSeedTests.swift (in target 'SipCheckTests' from project 'SipCheck')
    cd /Users/runner/work/sipcheck/sipcheck
    

SwiftDriverJobDiscovery normal arm64 Compiling RecommendationArchetypeEvalTests.swift, BeerDiscoveryServiceTests.swift, BeerLibraryProjectionTests.swift, DeveloperScenarioTests.swift (in target 'SipCheckTests' from project 'SipCheck')

SwiftDriverJobDiscovery normal arm64 Compiling StoreIntegrationTests.swift, ScanStoreTests.swift, JournalStoreTests.swift, TasteScorerSeedTests.swift (in target 'SipCheckTests' from project 'SipCheck')

SwiftDriver\ Compilation SipCheckTests normal arm64 com.apple.xcode.tools.swift.compiler (in target 'SipCheckTests' from project 'SipCheck')
    cd /Users/runner/work/sipcheck/sipcheck
    builtin-Swift-Compilation -- /Applications/Xcode_26.3.app/Contents/Developer/Toolchains/XcodeDefault.xctoolchain/usr/bin/swiftc -module-name SipCheckTests -Onone -enforce-exclusivity\=checked @/Users/runner/Library/Developer/Xcode/DerivedData/SipCheck-apticojzjwokpoevnvszvhgyxxva/Build/Intermediates.noindex/SipCheck.build/Debug-iphonesimulator/SipCheckTests.build/Objects-normal/arm64/SipCheckTests.SwiftFileList -DDEBUG -plugin-path /Applications/Xcode_26.3.app/Contents/Developer/Toolchains/XcodeDefault.xctoolchain/usr/lib/swift/host/plugins/testing -enable-bare-slash-regex -enable-experimental-feature DebugDescriptionMacro -sdk /Applications/Xcode_26.3.app/Contents/Developer/Platforms/iPhoneSimulator.platform/Developer/SDKs/iPhoneSimulator26.2.sdk -target arm64-apple-ios17.0-simulator -g -module-cache-path /Users/runner/Library/Developer/Xcode/DerivedData/ModuleCache.noindex -Xfrontend -serialize-debugging-options -profile-coverage-mapping -profile-generate -enable-testing -index-store-path /Users/runner/Library/Developer/Xcode/DerivedData/SipCheck-apticojzjwokpoevnvszvhgyxxva/Index.noindex/DataStore -Xcc -D_LIBCPP_HARDENING_MODE\=_LIBCPP_HARDENING_MODE_DEBUG -swift-version 5 -I /Users/runner/Library/Developer/Xcode/DerivedData/SipCheck-apticojzjwokpoevnvszvhgyxxva/Build/Products/Debug-iphonesimulator -Isystem /Applications/Xcode_26.3.app/Contents/Developer/Platforms/iPhoneSimulator.platform/Developer/usr/lib -F /Users/runner/Library/Developer/Xcode/DerivedData/SipCheck-apticojzjwokpoevnvszvhgyxxva/Build/Products/Debug-iphonesimulator -F /Applications/Xcode_26.3.app/Contents/Developer/Platforms/iPhoneSimulator.platform/Developer/Library/Frameworks -F /Applications/Xcode_26.3.app/Contents/Developer/Platforms/iPhoneSimulator.platform/Developer/SDKs/iPhoneSimulator26.2.sdk/Developer/Library/Frameworks -c -j3 -enable-batch-mode -incremental -Xcc -ivfsstatcache -Xcc /Users/runner/Library/Developer/Xcode/DerivedData/SDKStatCaches.noindex/iphonesimulator26.2-23C57-dc75598d0054f22ec865fa860f139d72e244bd9a5feaf902f95f61bf06266e52.sdkstatcache -output-file-map /Users/runner/Library/Developer/Xcode/DerivedData/SipCheck-apticojzjwokpoevnvszvhgyxxva/Build/Intermediates.noindex/SipCheck.build/Debug-iphonesimulator/SipCheckTests.build/Objects-normal/arm64/SipCheckTests-OutputFileMap.json -use-frontend-parseable-output -save-temps -no-color-diagnostics -explicit-module-build -module-cache-path /Users/runner/Library/Developer/Xcode/DerivedData/SipCheck-apticojzjwokpoevnvszvhgyxxva/Build/Intermediates.noindex/SwiftExplicitPrecompiledModules -clang-scanner-module-cache-path /Users/runner/Library/Developer/Xcode/DerivedData/ModuleCache.noindex -sdk-module-cache-path /Users/runner/Library/Developer/Xcode/DerivedData/ModuleCache.noindex -serialize-diagnostics -emit-dependencies -emit-module -emit-module-path /Users/runner/Library/Developer/Xcode/DerivedData/SipCheck-apticojzjwokpoevnvszvhgyxxva/Build/Intermediates.noindex/SipCheck.build/Debug-iphonesimulator/SipCheckTests.build/Objects-normal/arm64/SipCheckTests.swiftmodule -validate-clang-modules-once -clang-build-session-file /Users/runner/Library/Developer/Xcode/DerivedData/ModuleCache.noindex/Session.modulevalidation -Xcc -I/Users/runner/Library/Developer/Xcode/DerivedData/SipCheck-apticojzjwokpoevnvszvhgyxxva/Build/Intermediates.noindex/SipCheck.build/Debug-iphonesimulator/SipCheckTests.build/swift-overrides.hmap -emit-const-values -Xfrontend -const-gather-protocols-file -Xfrontend /Users/runner/Library/Developer/Xcode/DerivedData/SipCheck-apticojzjwokpoevnvszvhgyxxva/Build/Intermediates.noindex/SipCheck.build/Debug-iphonesimulator/SipCheckTests.build/Objects-normal/arm64/SipCheckTests_const_extract_protocols.json -Xcc -iquote -Xcc /Users/runner/Library/Developer/Xcode/DerivedData/SipCheck-apticojzjwokpoevnvszvhgyxxva/Build/Intermediates.noindex/SipCheck.build/Debug-iphonesimulator/SipCheckTests.build/SipCheckTests-generated-files.hmap -Xcc -I/Users/runner/Library/Developer/Xcode/DerivedData/SipCheck-apticojzjwokpoevnvszvhgyxxva/Build/Intermediates.noindex/SipCheck.build/Debug-iphonesimulator/SipCheckTests.build/SipCheckTests-own-target-headers.hmap -Xcc -I/Users/runner/Library/Developer/Xcode/DerivedData/SipCheck-apticojzjwokpoevnvszvhgyxxva/Build/Intermediates.noindex/SipCheck.build/Debug-iphonesimulator/SipCheckTests.build/SipCheckTests-all-target-headers.hmap -Xcc -iquote -Xcc /Users/runner/Library/Developer/Xcode/DerivedData/SipCheck-apticojzjwokpoevnvszvhgyxxva/Build/Intermediates.noindex/SipCheck.build/Debug-iphonesimulator/SipCheckTests.build/SipCheckTests-project-headers.hmap -Xcc -I/Users/runner/Library/Developer/Xcode/DerivedData/SipCheck-apticojzjwokpoevnvszvhgyxxva/Build/Products/Debug-iphonesimulator/include -Xcc -I/Users/runner/Library/Developer/Xcode/DerivedData/SipCheck-apticojzjwokpoevnvszvhgyxxva/Build/Intermediates.noindex/SipCheck.build/Debug-iphonesimulator/SipCheckTests.build/DerivedSources-normal/arm64 -Xcc -I/Users/runner/Library/Developer/Xcode/DerivedData/SipCheck-apticojzjwokpoevnvszvhgyxxva/Build/Intermediates.noindex/SipCheck.build/Debug-iphonesimulator/SipCheckTests.build/DerivedSources/arm64 -Xcc -I/Users/runner/Library/Developer/Xcode/DerivedData/SipCheck-apticojzjwokpoevnvszvhgyxxva/Build/Intermediates.noindex/SipCheck.build/Debug-iphonesimulator/SipCheckTests.build/DerivedSources -Xcc -DDEBUG\=1 -emit-objc-header -emit-objc-header-path /Users/runner/Library/Developer/Xcode/DerivedData/SipCheck-apticojzjwokpoevnvszvhgyxxva/Build/Intermediates.noindex/SipCheck.build/Debug-iphonesimulator/SipCheckTests.build/Objects-normal/arm64/SipCheckTests-Swift.h -working-directory /Users/runner/work/sipcheck/sipcheck -experimental-emit-module-separately -disable-cmo

SwiftDriverJobDiscovery normal arm64 Compiling ScanningPipeline.swift, TasteProfile.swift, AgeGateView.swift, OnboardingView.swift, MainTabView.swift, CheckTabView.swift, JournalTabView.swift, ProfileTabView.swift, SettingsTabView.swift, DesignSystem.swift, Scan.swift, JournalEntry.swift, ScanStore.swift, JournalStore.swift, VerdictCardView.swift, JournalEntryRow.swift, JournalEntryDetailView.swift (in target 'SipCheck' from project 'SipCheck')

SwiftDriver\ Compilation SipCheck normal arm64 com.apple.xcode.tools.swift.compiler (in target 'SipCheck' from project 'SipCheck')
    cd /Users/runner/work/sipcheck/sipcheck
    builtin-Swift-Compilation -- /Applications/Xcode_26.3.app/Contents/Developer/Toolchains/XcodeDefault.xctoolchain/usr/bin/swiftc -module-name SipCheck -Onone -enforce-exclusivity\=checked @/Users/runner/Library/Developer/Xcode/DerivedData/SipCheck-apticojzjwokpoevnvszvhgyxxva/Build/Intermediates.noindex/SipCheck.build/Debug-iphonesimulator/SipCheck.build/Objects-normal/arm64/SipCheck.SwiftFileList -DDEBUG -enable-bare-slash-regex -enable-experimental-feature DebugDescriptionMacro -sdk /Applications/Xcode_26.3.app/Contents/Developer/Platforms/iPhoneSimulator.platform/Developer/SDKs/iPhoneSimulator26.2.sdk -target arm64-apple-ios17.0-simulator -g -module-cache-path /Users/runner/Library/Developer/Xcode/DerivedData/ModuleCache.noindex -Xfrontend -serialize-debugging-options -profile-coverage-mapping -profile-generate -enable-testing -index-store-path /Users/runner/Library/Developer/Xcode/DerivedData/SipCheck-apticojzjwokpoevnvszvhgyxxva/Index.noindex/DataStore -Xcc -D_LIBCPP_HARDENING_MODE\=_LIBCPP_HARDENING_MODE_DEBUG -swift-version 5 -I /Users/runner/Library/Developer/Xcode/DerivedData/SipCheck-apticojzjwokpoevnvszvhgyxxva/Build/Products/Debug-iphonesimulator -F /Users/runner/Library/Developer/Xcode/DerivedData/SipCheck-apticojzjwokpoevnvszvhgyxxva/Build/Products/Debug-iphonesimulator -emit-localized-strings -emit-localized-strings-path /Users/runner/Library/Developer/Xcode/DerivedData/SipCheck-apticojzjwokpoevnvszvhgyxxva/Build/Intermediates.noindex/SipCheck.build/Debug-iphonesimulator/SipCheck.build/Objects-normal/arm64 -c -j3 -enable-batch-mode -incremental -Xcc -ivfsstatcache -Xcc /Users/runner/Library/Developer/Xcode/DerivedData/SDKStatCaches.noindex/iphonesimulator26.2-23C57-dc75598d0054f22ec865fa860f139d72e244bd9a5feaf902f95f61bf06266e52.sdkstatcache -output-file-map /Users/runner/Library/Developer/Xcode/DerivedData/SipCheck-apticojzjwokpoevnvszvhgyxxva/Build/Intermediates.noindex/SipCheck.build/Debug-iphonesimulator/SipCheck.build/Objects-normal/arm64/SipCheck-OutputFileMap.json -use-frontend-parseable-output -save-temps -no-color-diagnostics -explicit-module-build -module-cache-path /Users/runner/Library/Developer/Xcode/DerivedData/SipCheck-apticojzjwokpoevnvszvhgyxxva/Build/Intermediates.noindex/SwiftExplicitPrecompiledModules -clang-scanner-module-cache-path /Users/runner/Library/Developer/Xcode/DerivedData/ModuleCache.noindex -sdk-module-cache-path /Users/runner/Library/Developer/Xcode/DerivedData/ModuleCache.noindex -serialize-diagnostics -emit-dependencies -emit-module -emit-module-path /Users/runner/Library/Developer/Xcode/DerivedData/SipCheck-apticojzjwokpoevnvszvhgyxxva/Build/Intermediates.noindex/SipCheck.build/Debug-iphonesimulator/SipCheck.build/Objects-normal/arm64/SipCheck.swiftmodule -validate-clang-modules-once -clang-build-session-file /Users/runner/Library/Developer/Xcode/DerivedData/ModuleCache.noindex/Session.modulevalidation -Xcc -I/Users/runner/Library/Developer/Xcode/DerivedData/SipCheck-apticojzjwokpoevnvszvhgyxxva/Build/Intermediates.noindex/SipCheck.build/Debug-iphonesimulator/SipCheck.build/swift-overrides.hmap -emit-const-values -Xfrontend -const-gather-protocols-file -Xfrontend /Users/runner/Library/Developer/Xcode/DerivedData/SipCheck-apticojzjwokpoevnvszvhgyxxva/Build/Intermediates.noindex/SipCheck.build/Debug-iphonesimulator/SipCheck.build/Objects-normal/arm64/SipCheck_const_extract_protocols.json -Xcc -iquote -Xcc /Users/runner/Library/Developer/Xcode/DerivedData/SipCheck-apticojzjwokpoevnvszvhgyxxva/Build/Intermediates.noindex/SipCheck.build/Debug-iphonesimulator/SipCheck.build/SipCheck-generated-files.hmap -Xcc -I/Users/runner/Library/Developer/Xcode/DerivedData/SipCheck-apticojzjwokpoevnvszvhgyxxva/Build/Intermediates.noindex/SipCheck.build/Debug-iphonesimulator/SipCheck.build/SipCheck-own-target-headers.hmap -Xcc -I/Users/runner/Library/Developer/Xcode/DerivedData/SipCheck-apticojzjwokpoevnvszvhgyxxva/Build/Intermediates.noindex/SipCheck.build/Debug-iphonesimulator/SipCheck.build/SipCheck-all-target-headers.hmap -Xcc -iquote -Xcc /Users/runner/Library/Developer/Xcode/DerivedData/SipCheck-apticojzjwokpoevnvszvhgyxxva/Build/Intermediates.noindex/SipCheck.build/Debug-iphonesimulator/SipCheck.build/SipCheck-project-headers.hmap -Xcc -I/Users/runner/Library/Developer/Xcode/DerivedData/SipCheck-apticojzjwokpoevnvszvhgyxxva/Build/Products/Debug-iphonesimulator/include -Xcc -I/Users/runner/Library/Developer/Xcode/DerivedData/SipCheck-apticojzjwokpoevnvszvhgyxxva/Build/Intermediates.noindex/SipCheck.build/Debug-iphonesimulator/SipCheck.build/DerivedSources-normal/arm64 -Xcc -I/Users/runner/Library/Developer/Xcode/DerivedData/SipCheck-apticojzjwokpoevnvszvhgyxxva/Build/Intermediates.noindex/SipCheck.build/Debug-iphonesimulator/SipCheck.build/DerivedSources/arm64 -Xcc -I/Users/runner/Library/Developer/Xcode/DerivedData/SipCheck-apticojzjwokpoevnvszvhgyxxva/Build/Intermediates.noindex/SipCheck.build/Debug-iphonesimulator/SipCheck.build/DerivedSources -Xcc -DDEBUG\=1 -emit-objc-header -emit-objc-header-path /Users/runner/Library/Developer/Xcode/DerivedData/SipCheck-apticojzjwokpoevnvszvhgyxxva/Build/Intermediates.noindex/SipCheck.build/Debug-iphonesimulator/SipCheck.build/Objects-normal/arm64/SipCheck-Swift.h -working-directory /Users/runner/work/sipcheck/sipcheck -experimental-emit-module-separately -disable-cmo

Ld /Users/runner/Library/Developer/Xcode/DerivedData/SipCheck-apticojzjwokpoevnvszvhgyxxva/Build/Products/Debug-iphonesimulator/SipCheck.app/SipCheck.debug.dylib normal (in target 'SipCheck' from project 'SipCheck')
    cd /Users/runner/work/sipcheck/sipcheck
    /Applications/Xcode_26.3.app/Contents/Developer/Toolchains/XcodeDefault.xctoolchain/usr/bin/clang -Xlinker -reproducible -target arm64-apple-ios17.0-simulator -dynamiclib -isysroot /Applications/Xcode_26.3.app/Contents/Developer/Platforms/iPhoneSimulator.platform/Developer/SDKs/iPhoneSimulator26.2.sdk -O0 -L/Users/runner/Library/Developer/Xcode/DerivedData/SipCheck-apticojzjwokpoevnvszvhgyxxva/Build/Intermediates.noindex/EagerLinkingTBDs/Debug-iphonesimulator -L/Users/runner/Library/Developer/Xcode/DerivedData/SipCheck-apticojzjwokpoevnvszvhgyxxva/Build/Products/Debug-iphonesimulator -F/Users/runner/Library/Developer/Xcode/DerivedData/SipCheck-apticojzjwokpoevnvszvhgyxxva/Build/Intermediates.noindex/EagerLinkingTBDs/Debug-iphonesimulator -F/Users/runner/Library/Developer/Xcode/DerivedData/SipCheck-apticojzjwokpoevnvszvhgyxxva/Build/Products/Debug-iphonesimulator -filelist /Users/runner/Library/Developer/Xcode/DerivedData/SipCheck-apticojzjwokpoevnvszvhgyxxva/Build/Intermediates.noindex/SipCheck.build/Debug-iphonesimulator/SipCheck.build/Objects-normal/arm64/SipCheck.LinkFileList -install_name @rpath/SipCheck.debug.dylib -Xlinker -rpath -Xlinker /usr/lib/swift -Xlinker -rpath -Xlinker @executable_path/Frameworks -dead_strip -Xlinker -object_path_lto -Xlinker /Users/runner/Library/Developer/Xcode/DerivedData/SipCheck-apticojzjwokpoevnvszvhgyxxva/Build/Intermediates.noindex/SipCheck.build/Debug-iphonesimulator/SipCheck.build/Objects-normal/arm64/SipCheck_lto.o -rdynamic -Xlinker -no_deduplicate -Xlinker -objc_abi_version -Xlinker 2 -Xlinker -debug_variant -Xlinker -dependency_info -Xlinker /Users/runner/Library/Developer/Xcode/DerivedData/SipCheck-apticojzjwokpoevnvszvhgyxxva/Build/Intermediates.noindex/SipCheck.build/Debug-iphonesimulator/SipCheck.build/Objects-normal/arm64/SipCheck_dependency_info.dat -fobjc-link-runtime -fprofile-instr-generate -L/Applications/Xcode_26.3.app/Contents/Developer/Toolchains/XcodeDefault.xctoolchain/usr/lib/swift/iphonesimulator -L/usr/lib/swift -Xlinker -add_ast_path -Xlinker /Users/runner/Library/Developer/Xcode/DerivedData/SipCheck-apticojzjwokpoevnvszvhgyxxva/Build/Intermediates.noindex/SipCheck.build/Debug-iphonesimulator/SipCheck.build/Objects-normal/arm64/SipCheck.swiftmodule @/Users/runner/Library/Developer/Xcode/DerivedData/SipCheck-apticojzjwokpoevnvszvhgyxxva/Build/Intermediates.noindex/SipCheck.build/Debug-iphonesimulator/SipCheck.build/Objects-normal/arm64/SipCheck-linker-args.resp -Xlinker -alias -Xlinker _main -Xlinker ___debug_main_executable_dylib_entry_point -framework CloudKit -Xlinker -no_adhoc_codesign -o /Users/runner/Library/Developer/Xcode/DerivedData/SipCheck-apticojzjwokpoevnvszvhgyxxva/Build/Products/Debug-iphonesimulator/SipCheck.app/SipCheck.debug.dylib

ConstructStubExecutorLinkFileList /Users/runner/Library/Developer/Xcode/DerivedData/SipCheck-apticojzjwokpoevnvszvhgyxxva/Build/Intermediates.noindex/SipCheck.build/Debug-iphonesimulator/SipCheck.build/SipCheck-ExecutorLinkFileList-normal-arm64.txt (in target 'SipCheck' from project 'SipCheck')
    cd /Users/runner/work/sipcheck/sipcheck
    construct-stub-executor-link-file-list /Users/runner/Library/Developer/Xcode/DerivedData/SipCheck-apticojzjwokpoevnvszvhgyxxva/Build/Products/Debug-iphonesimulator/SipCheck.app/SipCheck.debug.dylib /Applications/Xcode_26.3.app/Contents/Developer/Platforms/iPhoneSimulator.platform/Developer/usr/lib/libPreviewsJITStubExecutor_no_swift_entry_point.a /Applications/Xcode_26.3.app/Contents/Developer/Platforms/iPhoneSimulator.platform/Developer/usr/lib/libPreviewsJITStubExecutor.a --output /Users/runner/Library/Developer/Xcode/DerivedData/SipCheck-apticojzjwokpoevnvszvhgyxxva/Build/Intermediates.noindex/SipCheck.build/Debug-iphonesimulator/SipCheck.build/SipCheck-ExecutorLinkFileList-normal-arm64.txt
note: Using stub executor library with Swift entry point. (in target 'SipCheck' from project 'SipCheck')

Ld /Users/runner/Library/Developer/Xcode/DerivedData/SipCheck-apticojzjwokpoevnvszvhgyxxva/Build/Products/Debug-iphonesimulator/SipCheck.app/SipCheck normal (in target 'SipCheck' from project 'SipCheck')
    cd /Users/runner/work/sipcheck/sipcheck
    /Applications/Xcode_26.3.app/Contents/Developer/Toolchains/XcodeDefault.xctoolchain/usr/bin/clang -Xlinker -reproducible -target arm64-apple-ios17.0-simulator -isysroot /Applications/Xcode_26.3.app/Contents/Developer/Platforms/iPhoneSimulator.platform/Developer/SDKs/iPhoneSimulator26.2.sdk -O0 -L/Users/runner/Library/Developer/Xcode/DerivedData/SipCheck-apticojzjwokpoevnvszvhgyxxva/Build/Products/Debug-iphonesimulator -F/Users/runner/Library/Developer/Xcode/DerivedData/SipCheck-apticojzjwokpoevnvszvhgyxxva/Build/Products/Debug-iphonesimulator -Xlinker -rpath -Xlinker @executable_path -Xlinker -rpath -Xlinker @executable_path/Frameworks -rdynamic -Xlinker -no_deduplicate -Xlinker -objc_abi_version -Xlinker 2 -Xlinker -debug_variant -e ___debug_blank_executor_main -Xlinker -sectcreate -Xlinker __TEXT -Xlinker __debug_dylib -Xlinker /Users/runner/Library/Developer/Xcode/DerivedData/SipCheck-apticojzjwokpoevnvszvhgyxxva/Build/Intermediates.noindex/SipCheck.build/Debug-iphonesimulator/SipCheck.build/SipCheck-DebugDylibPath-normal-arm64.txt -Xlinker -sectcreate -Xlinker __TEXT -Xlinker __debug_instlnm -Xlinker /Users/runner/Library/Developer/Xcode/DerivedData/SipCheck-apticojzjwokpoevnvszvhgyxxva/Build/Intermediates.noindex/SipCheck.build/Debug-iphonesimulator/SipCheck.build/SipCheck-DebugDylibInstallName-normal-arm64.txt -Xlinker -filelist -Xlinker /Users/runner/Library/Developer/Xcode/DerivedData/SipCheck-apticojzjwokpoevnvszvhgyxxva/Build/Intermediates.noindex/SipCheck.build/Debug-iphonesimulator/SipCheck.build/SipCheck-ExecutorLinkFileList-normal-arm64.txt -Xlinker -sectcreate -Xlinker __TEXT -Xlinker __entitlements -Xlinker /Users/runner/Library/Developer/Xcode/DerivedData/SipCheck-apticojzjwokpoevnvszvhgyxxva/Build/Intermediates.noindex/SipCheck.build/Debug-iphonesimulator/SipCheck.build/SipCheck.app-Simulated.xcent -Xlinker -sectcreate -Xlinker __TEXT -Xlinker __ents_der -Xlinker /Users/runner/Library/Developer/Xcode/DerivedData/SipCheck-apticojzjwokpoevnvszvhgyxxva/Build/Intermediates.noindex/SipCheck.build/Debug-iphonesimulator/SipCheck.build/SipCheck.app-Simulated.xcent.der /Users/runner/Library/Developer/Xcode/DerivedData/SipCheck-apticojzjwokpoevnvszvhgyxxva/Build/Products/Debug-iphonesimulator/SipCheck.app/SipCheck.debug.dylib -Xlinker -no_adhoc_codesign -o /Users/runner/Library/Developer/Xcode/DerivedData/SipCheck-apticojzjwokpoevnvszvhgyxxva/Build/Products/Debug-iphonesimulator/SipCheck.app/SipCheck

CopySwiftLibs /Users/runner/Library/Developer/Xcode/DerivedData/SipCheck-apticojzjwokpoevnvszvhgyxxva/Build/Products/Debug-iphonesimulator/SipCheck.app (in target 'SipCheck' from project 'SipCheck')
    cd /Users/runner/work/sipcheck/sipcheck
    builtin-swiftStdLibTool --copy --verbose --sign - --scan-executable /Users/runner/Library/Developer/Xcode/DerivedData/SipCheck-apticojzjwokpoevnvszvhgyxxva/Build/Products/Debug-iphonesimulator/SipCheck.app/SipCheck.debug.dylib --scan-folder /Users/runner/Library/Developer/Xcode/DerivedData/SipCheck-apticojzjwokpoevnvszvhgyxxva/Build/Products/Debug-iphonesimulator/SipCheck.app/Frameworks --scan-folder /Users/runner/Library/Developer/Xcode/DerivedData/SipCheck-apticojzjwokpoevnvszvhgyxxva/Build/Products/Debug-iphonesimulator/SipCheck.app/PlugIns --scan-folder /Users/runner/Library/Developer/Xcode/DerivedData/SipCheck-apticojzjwokpoevnvszvhgyxxva/Build/Products/Debug-iphonesimulator/SipCheck.app/SystemExtensions --scan-folder /Users/runner/Library/Developer/Xcode/DerivedData/SipCheck-apticojzjwokpoevnvszvhgyxxva/Build/Products/Debug-iphonesimulator/SipCheck.app/Extensions --scan-folder /Applications/Xcode_26.3.app/Contents/Developer/Platforms/iPhoneSimulator.platform/Developer/SDKs/iPhoneSimulator26.2.sdk/System/Library/Frameworks/CloudKit.framework --platform iphonesimulator --toolchain /var/run/com.apple.security.cryptexd/mnt/com.apple.MobileAsset.MetalToolchain-v17.3.7003.10.l9WqB2/Metal.xctoolchain --toolchain /Applications/Xcode_26.3.app/Contents/Developer/Toolchains/XcodeDefault.xctoolchain --destination /Users/runner/Library/Developer/Xcode/DerivedData/SipCheck-apticojzjwokpoevnvszvhgyxxva/Build/Products/Debug-iphonesimulator/SipCheck.app/Frameworks --strip-bitcode --strip-bitcode-tool /Applications/Xcode_26.3.app/Contents/Developer/Toolchains/XcodeDefault.xctoolchain/usr/bin/bitcode_strip --emit-dependency-info /Users/runner/Library/Developer/Xcode/DerivedData/SipCheck-apticojzjwokpoevnvszvhgyxxva/Build/Intermediates.noindex/SipCheck.build/Debug-iphonesimulator/SipCheck.build/SwiftStdLibToolInputDependencies.dep --filter-for-swift-os

ExtractAppIntentsMetadata (in target 'SipCheck' from project 'SipCheck')
    cd /Users/runner/work/sipcheck/sipcheck
    /Applications/Xcode_26.3.app/Contents/Developer/Toolchains/XcodeDefault.xctoolchain/usr/bin/appintentsmetadataprocessor --toolchain-dir /var/run/com.apple.security.cryptexd/mnt/com.apple.MobileAsset.MetalToolchain-v17.3.7003.10.l9WqB2/Metal.xctoolchain --module-name SipCheck --sdk-root /Applications/Xcode_26.3.app/Contents/Developer/Platforms/iPhoneSimulator.platform/Developer/SDKs/iPhoneSimulator26.2.sdk --xcode-version 17C529 --platform-family iOS --deployment-target 17.0 --bundle-identifier com.rishishah.sipcheck --output /Users/runner/Library/Developer/Xcode/DerivedData/SipCheck-apticojzjwokpoevnvszvhgyxxva/Build/Products/Debug-iphonesimulator/SipCheck.app --target-triple arm64-apple-ios17.0-simulator --binary-file /Users/runner/Library/Developer/Xcode/DerivedData/SipCheck-apticojzjwokpoevnvszvhgyxxva/Build/Products/Debug-iphonesimulator/SipCheck.app/SipCheck --dependency-file /Users/runner/Library/Developer/Xcode/DerivedData/SipCheck-apticojzjwokpoevnvszvhgyxxva/Build/Intermediates.noindex/SipCheck.build/Debug-iphonesimulator/SipCheck.build/Objects-normal/arm64/SipCheck_dependency_info.dat --stringsdata-file /Users/runner/Library/Developer/Xcode/DerivedData/SipCheck-apticojzjwokpoevnvszvhgyxxva/Build/Intermediates.noindex/SipCheck.build/Debug-iphonesimulator/SipCheck.build/Objects-normal/arm64/ExtractedAppShortcutsMetadata.stringsdata --source-file-list /Users/runner/Library/Developer/Xcode/DerivedData/SipCheck-apticojzjwokpoevnvszvhgyxxva/Build/Intermediates.noindex/SipCheck.build/Debug-iphonesimulator/SipCheck.build/Objects-normal/arm64/SipCheck.SwiftFileList --metadata-file-list /Users/runner/Library/Developer/Xcode/DerivedData/SipCheck-apticojzjwokpoevnvszvhgyxxva/Build/Intermediates.noindex/SipCheck.build/Debug-iphonesimulator/SipCheck.build/SipCheck.DependencyMetadataFileList --static-metadata-file-list /Users/runner/Library/Developer/Xcode/DerivedData/SipCheck-apticojzjwokpoevnvszvhgyxxva/Build/Intermediates.noindex/SipCheck.build/Debug-iphonesimulator/SipCheck.build/SipCheck.DependencyStaticMetadataFileList --swift-const-vals-list /Users/runner/Library/Developer/Xcode/DerivedData/SipCheck-apticojzjwokpoevnvszvhgyxxva/Build/Intermediates.noindex/SipCheck.build/Debug-iphonesimulator/SipCheck.build/Objects-normal/arm64/SipCheck.SwiftConstValuesFileList --compile-time-extraction --deployment-aware-processing --validate-assistant-intents --no-app-shortcuts-localization
2026-07-31 02:57:11.469 appintentsmetadataprocessor[17425:52286] Starting appintentsmetadataprocessor export
2026-07-31 02:57:11.477 appintentsmetadataprocessor[17425:52286] warning: Metadata extraction skipped. No AppIntents.framework dependency found.

AppIntentsSSUTraining (in target 'SipCheck' from project 'SipCheck')
    cd /Users/runner/work/sipcheck/sipcheck
    /Applications/Xcode_26.3.app/Contents/Developer/Toolchains/XcodeDefault.xctoolchain/usr/bin/appintentsnltrainingprocessor --infoplist-path /Users/runner/Library/Developer/Xcode/DerivedData/SipCheck-apticojzjwokpoevnvszvhgyxxva/Build/Products/Debug-iphonesimulator/SipCheck.app/Info.plist --temp-dir-path /Users/runner/Library/Developer/Xcode/DerivedData/SipCheck-apticojzjwokpoevnvszvhgyxxva/Build/Intermediates.noindex/SipCheck.build/Debug-iphonesimulator/SipCheck.build/ssu --bundle-id com.rishishah.sipcheck --product-path /Users/runner/Library/Developer/Xcode/DerivedData/SipCheck-apticojzjwokpoevnvszvhgyxxva/Build/Products/Debug-iphonesimulator/SipCheck.app --extracted-metadata-path /Users/runner/Library/Developer/Xcode/DerivedData/SipCheck-apticojzjwokpoevnvszvhgyxxva/Build/Products/Debug-iphonesimulator/SipCheck.app/Metadata.appintents --metadata-file-list /Users/runner/Library/Developer/Xcode/DerivedData/SipCheck-apticojzjwokpoevnvszvhgyxxva/Build/Intermediates.noindex/SipCheck.build/Debug-iphonesimulator/SipCheck.build/SipCheck.DependencyMetadataFileList --archive-ssu-assets
2026-07-31 02:57:11.529 appintentsnltrainingprocessor[17428:52291] Parsing options for appintentsnltrainingprocessor
2026-07-31 02:57:11.531 appintentsnltrainingprocessor[17428:52291] No AppShortcuts found - Skipping.

ProcessInfoPlistFile /Users/runner/Library/Developer/Xcode/DerivedData/SipCheck-apticojzjwokpoevnvszvhgyxxva/Build/Products/Debug-iphonesimulator/SipCheck.app/PlugIns/SipCheckTests.xctest/Info.plist /Users/runner/Library/Developer/Xcode/DerivedData/SipCheck-apticojzjwokpoevnvszvhgyxxva/Build/Intermediates.noindex/SipCheck.build/Debug-iphonesimulator/SipCheckTests.build/empty-SipCheckTests.plist (in target 'SipCheckTests' from project 'SipCheck')
    cd /Users/runner/work/sipcheck/sipcheck
    builtin-infoPlistUtility /Users/runner/Library/Developer/Xcode/DerivedData/SipCheck-apticojzjwokpoevnvszvhgyxxva/Build/Intermediates.noindex/SipCheck.build/Debug-iphonesimulator/SipCheckTests.build/empty-SipCheckTests.plist -producttype com.apple.product-type.bundle.unit-test -expandbuildsettings -format binary -platform iphonesimulator -o /Users/runner/Library/Developer/Xcode/DerivedData/SipCheck-apticojzjwokpoevnvszvhgyxxva/Build/Products/Debug-iphonesimulator/SipCheck.app/PlugIns/SipCheckTests.xctest/Info.plist

Ld /Users/runner/Library/Developer/Xcode/DerivedData/SipCheck-apticojzjwokpoevnvszvhgyxxva/Build/Products/Debug-iphonesimulator/SipCheck.app/PlugIns/SipCheckTests.xctest/SipCheckTests normal (in target 'SipCheckTests' from project 'SipCheck')
    cd /Users/runner/work/sipcheck/sipcheck
    /Applications/Xcode_26.3.app/Contents/Developer/Toolchains/XcodeDefault.xctoolchain/usr/bin/clang -Xlinker -reproducible -target arm64-apple-ios17.0-simulator -bundle -isysroot /Applications/Xcode_26.3.app/Contents/Developer/Platforms/iPhoneSimulator.platform/Developer/SDKs/iPhoneSimulator26.2.sdk -O0 -L/Users/runner/Library/Developer/Xcode/DerivedData/SipCheck-apticojzjwokpoevnvszvhgyxxva/Build/Intermediates.noindex/EagerLinkingTBDs/Debug-iphonesimulator -L/Users/runner/Library/Developer/Xcode/DerivedData/SipCheck-apticojzjwokpoevnvszvhgyxxva/Build/Products/Debug-iphonesimulator -L/Applications/Xcode_26.3.app/Contents/Developer/Platforms/iPhoneSimulator.platform/Developer/usr/lib -F/Users/runner/Library/Developer/Xcode/DerivedData/SipCheck-apticojzjwokpoevnvszvhgyxxva/Build/Intermediates.noindex/EagerLinkingTBDs/Debug-iphonesimulator -F/Users/runner/Library/Developer/Xcode/DerivedData/SipCheck-apticojzjwokpoevnvszvhgyxxva/Build/Products/Debug-iphonesimulator -iframework /Applications/Xcode_26.3.app/Contents/Developer/Platforms/iPhoneSimulator.platform/Developer/Library/Frameworks -iframework /Applications/Xcode_26.3.app/Contents/Developer/Platforms/iPhoneSimulator.platform/Developer/SDKs/iPhoneSimulator26.2.sdk/Developer/Library/Frameworks -filelist /Users/runner/Library/Developer/Xcode/DerivedData/SipCheck-apticojzjwokpoevnvszvhgyxxva/Build/Intermediates.noindex/SipCheck.build/Debug-iphonesimulator/SipCheckTests.build/Objects-normal/arm64/SipCheckTests.LinkFileList -Xlinker -rpath -Xlinker /usr/lib/swift -Xlinker -rpath -Xlinker @loader_path/Frameworks -Xlinker -rpath -Xlinker @executable_path/Frameworks -dead_strip -bundle_loader /Users/runner/Library/Developer/Xcode/DerivedData/SipCheck-apticojzjwokpoevnvszvhgyxxva/Build/Products/Debug-iphonesimulator/SipCheck.app/SipCheck -Xlinker -object_path_lto -Xlinker /Users/runner/Library/Developer/Xcode/DerivedData/SipCheck-apticojzjwokpoevnvszvhgyxxva/Build/Intermediates.noindex/SipCheck.build/Debug-iphonesimulator/SipCheckTests.build/Objects-normal/arm64/SipCheckTests_lto.o -rdynamic -Xlinker -no_deduplicate -Xlinker -objc_abi_version -Xlinker 2 -Xlinker -debug_variant -Xlinker -dependency_info -Xlinker /Users/runner/Library/Developer/Xcode/DerivedData/SipCheck-apticojzjwokpoevnvszvhgyxxva/Build/Intermediates.noindex/SipCheck.build/Debug-iphonesimulator/SipCheckTests.build/Objects-normal/arm64/SipCheckTests_dependency_info.dat -fobjc-link-runtime -fprofile-instr-generate -L/Applications/Xcode_26.3.app/Contents/Developer/Toolchains/XcodeDefault.xctoolchain/usr/lib/swift/iphonesimulator -L/usr/lib/swift -Xlinker -add_ast_path -Xlinker /Users/runner/Library/Developer/Xcode/DerivedData/SipCheck-apticojzjwokpoevnvszvhgyxxva/Build/Intermediates.noindex/SipCheck.build/Debug-iphonesimulator/SipCheckTests.build/Objects-normal/arm64/SipCheckTests.swiftmodule @/Users/runner/Library/Developer/Xcode/DerivedData/SipCheck-apticojzjwokpoevnvszvhgyxxva/Build/Intermediates.noindex/SipCheck.build/Debug-iphonesimulator/SipCheckTests.build/Objects-normal/arm64/SipCheckTests-linker-args.resp -Xlinker -needed_framework -Xlinker XCTest -framework XCTest -Xlinker -needed-lXCTestSwiftSupport -lXCTestSwiftSupport /Users/runner/Library/Developer/Xcode/DerivedData/SipCheck-apticojzjwokpoevnvszvhgyxxva/Build/Products/Debug-iphonesimulator/SipCheck.app/SipCheck.debug.dylib -Xlinker -no_adhoc_codesign -o /Users/runner/Library/Developer/Xcode/DerivedData/SipCheck-apticojzjwokpoevnvszvhgyxxva/Build/Products/Debug-iphonesimulator/SipCheck.app/PlugIns/SipCheckTests.xctest/SipCheckTests

ExtractAppIntentsMetadata (in target 'SipCheckTests' from project 'SipCheck')
    cd /Users/runner/work/sipcheck/sipcheck
    /Applications/Xcode_26.3.app/Contents/Developer/Toolchains/XcodeDefault.xctoolchain/usr/bin/appintentsmetadataprocessor --toolchain-dir /var/run/com.apple.security.cryptexd/mnt/com.apple.MobileAsset.MetalToolchain-v17.3.7003.10.l9WqB2/Metal.xctoolchain --module-name SipCheckTests --sdk-root /Applications/Xcode_26.3.app/Contents/Developer/Platforms/iPhoneSimulator.platform/Developer/SDKs/iPhoneSimulator26.2.sdk --xcode-version 17C529 --platform-family iOS --deployment-target 17.0 --bundle-identifier com.rishishah.sipcheck.tests --output /Users/runner/Library/Developer/Xcode/DerivedData/SipCheck-apticojzjwokpoevnvszvhgyxxva/Build/Products/Debug-iphonesimulator/SipCheck.app/PlugIns/SipCheckTests.xctest --target-triple arm64-apple-ios17.0-simulator --binary-file /Users/runner/Library/Developer/Xcode/DerivedData/SipCheck-apticojzjwokpoevnvszvhgyxxva/Build/Products/Debug-iphonesimulator/SipCheck.app/PlugIns/SipCheckTests.xctest/SipCheckTests --dependency-file /Users/runner/Library/Developer/Xcode/DerivedData/SipCheck-apticojzjwokpoevnvszvhgyxxva/Build/Intermediates.noindex/SipCheck.build/Debug-iphonesimulator/SipCheckTests.build/Objects-normal/arm64/SipCheckTests_dependency_info.dat --stringsdata-file /Users/runner/Library/Developer/Xcode/DerivedData/SipCheck-apticojzjwokpoevnvszvhgyxxva/Build/Intermediates.noindex/SipCheck.build/Debug-iphonesimulator/SipCheckTests.build/Objects-normal/arm64/ExtractedAppShortcutsMetadata.stringsdata --source-file-list /Users/runner/Library/Developer/Xcode/DerivedData/SipCheck-apticojzjwokpoevnvszvhgyxxva/Build/Intermediates.noindex/SipCheck.build/Debug-iphonesimulator/SipCheckTests.build/Objects-normal/arm64/SipCheckTests.SwiftFileList --metadata-file-list /Users/runner/Library/Developer/Xcode/DerivedData/SipCheck-apticojzjwokpoevnvszvhgyxxva/Build/Intermediates.noindex/SipCheck.build/Debug-iphonesimulator/SipCheckTests.build/SipCheckTests.DependencyMetadataFileList --static-metadata-file-list /Users/runner/Library/Developer/Xcode/DerivedData/SipCheck-apticojzjwokpoevnvszvhgyxxva/Build/Intermediates.noindex/SipCheck.build/Debug-iphonesimulator/SipCheckTests.build/SipCheckTests.DependencyStaticMetadataFileList --swift-const-vals-list /Users/runner/Library/Developer/Xcode/DerivedData/SipCheck-apticojzjwokpoevnvszvhgyxxva/Build/Intermediates.noindex/SipCheck.build/Debug-iphonesimulator/SipCheckTests.build/Objects-normal/arm64/SipCheckTests.SwiftConstValuesFileList --compile-time-extraction --deployment-aware-processing --validate-assistant-intents --no-app-shortcuts-localization
2026-07-31 02:57:12.107 appintentsmetadataprocessor[17431:52348] Starting appintentsmetadataprocessor export
2026-07-31 02:57:12.109 appintentsmetadataprocessor[17431:52348] warning: Metadata extraction skipped. No AppIntents.framework dependency found.

CopySwiftLibs /Users/runner/Library/Developer/Xcode/DerivedData/SipCheck-apticojzjwokpoevnvszvhgyxxva/Build/Products/Debug-iphonesimulator/SipCheck.app/PlugIns/SipCheckTests.xctest (in target 'SipCheckTests' from project 'SipCheck')
    cd /Users/runner/work/sipcheck/sipcheck
    builtin-swiftStdLibTool --copy --verbose --sign - --scan-executable /Users/runner/Library/Developer/Xcode/DerivedData/SipCheck-apticojzjwokpoevnvszvhgyxxva/Build/Products/Debug-iphonesimulator/SipCheck.app/PlugIns/SipCheckTests.xctest/SipCheckTests --scan-folder /Users/runner/Library/Developer/Xcode/DerivedData/SipCheck-apticojzjwokpoevnvszvhgyxxva/Build/Products/Debug-iphonesimulator/SipCheck.app/PlugIns/SipCheckTests.xctest/Frameworks --scan-folder /Users/runner/Library/Developer/Xcode/DerivedData/SipCheck-apticojzjwokpoevnvszvhgyxxva/Build/Products/Debug-iphonesimulator/SipCheck.app/PlugIns/SipCheckTests.xctest/PlugIns --scan-folder /Users/runner/Library/Developer/Xcode/DerivedData/SipCheck-apticojzjwokpoevnvszvhgyxxva/Build/Products/Debug-iphonesimulator/SipCheck.app/PlugIns/SipCheckTests.xctest/SystemExtensions --scan-folder /Users/runner/Library/Developer/Xcode/DerivedData/SipCheck-apticojzjwokpoevnvszvhgyxxva/Build/Products/Debug-iphonesimulator/SipCheck.app/PlugIns/SipCheckTests.xctest/Extensions --platform iphonesimulator --toolchain /var/run/com.apple.security.cryptexd/mnt/com.apple.MobileAsset.MetalToolchain-v17.3.7003.10.l9WqB2/Metal.xctoolchain --toolchain /Applications/Xcode_26.3.app/Contents/Developer/Toolchains/XcodeDefault.xctoolchain --destination /Users/runner/Library/Developer/Xcode/DerivedData/SipCheck-apticojzjwokpoevnvszvhgyxxva/Build/Products/Debug-iphonesimulator/SipCheck.app/PlugIns/SipCheckTests.xctest/Frameworks --strip-bitcode --scan-executable /Applications/Xcode_26.3.app/Contents/Developer/Platforms/iPhoneSimulator.platform/Developer/usr/lib/libXCTestSwiftSupport.dylib --strip-bitcode-tool /Applications/Xcode_26.3.app/Contents/Developer/Toolchains/XcodeDefault.xctoolchain/usr/bin/bitcode_strip --emit-dependency-info /Users/runner/Library/Developer/Xcode/DerivedData/SipCheck-apticojzjwokpoevnvszvhgyxxva/Build/Intermediates.noindex/SipCheck.build/Debug-iphonesimulator/SipCheckTests.build/SwiftStdLibToolInputDependencies.dep --filter-for-swift-os

AppIntentsSSUTraining (in target 'SipCheckTests' from project 'SipCheck')
    cd /Users/runner/work/sipcheck/sipcheck
    /Applications/Xcode_26.3.app/Contents/Developer/Toolchains/XcodeDefault.xctoolchain/usr/bin/appintentsnltrainingprocessor --infoplist-path /Users/runner/Library/Developer/Xcode/DerivedData/SipCheck-apticojzjwokpoevnvszvhgyxxva/Build/Products/Debug-iphonesimulator/SipCheck.app/PlugIns/SipCheckTests.xctest/Info.plist --temp-dir-path /Users/runner/Library/Developer/Xcode/DerivedData/SipCheck-apticojzjwokpoevnvszvhgyxxva/Build/Intermediates.noindex/SipCheck.build/Debug-iphonesimulator/SipCheckTests.build/ssu --bundle-id com.rishishah.sipcheck.tests --product-path /Users/runner/Library/Developer/Xcode/DerivedData/SipCheck-apticojzjwokpoevnvszvhgyxxva/Build/Products/Debug-iphonesimulator/SipCheck.app/PlugIns/SipCheckTests.xctest --extracted-metadata-path /Users/runner/Library/Developer/Xcode/DerivedData/SipCheck-apticojzjwokpoevnvszvhgyxxva/Build/Products/Debug-iphonesimulator/SipCheck.app/PlugIns/SipCheckTests.xctest/Metadata.appintents --metadata-file-list /Users/runner/Library/Developer/Xcode/DerivedData/SipCheck-apticojzjwokpoevnvszvhgyxxva/Build/Intermediates.noindex/SipCheck.build/Debug-iphonesimulator/SipCheckTests.build/SipCheckTests.DependencyMetadataFileList --archive-ssu-assets
2026-07-31 02:57:12.140 appintentsnltrainingprocessor[17432:52349] Parsing options for appintentsnltrainingprocessor
2026-07-31 02:57:12.140 appintentsnltrainingprocessor[17432:52349] No AppShortcuts found - Skipping.

CodeSign /Users/runner/Library/Developer/Xcode/DerivedData/SipCheck-apticojzjwokpoevnvszvhgyxxva/Build/Products/Debug-iphonesimulator/SipCheck.app/PlugIns/SipCheckTests.xctest (in target 'SipCheckTests' from project 'SipCheck')
    cd /Users/runner/work/sipcheck/sipcheck
    
    Signing Identity:     "Sign to Run Locally"
    
    /usr/bin/codesign --force --sign - --timestamp\=none --generate-entitlement-der /Users/runner/Library/Developer/Xcode/DerivedData/SipCheck-apticojzjwokpoevnvszvhgyxxva/Build/Products/Debug-iphonesimulator/SipCheck.app/PlugIns/SipCheckTests.xctest

RegisterExecutionPolicyException /Users/runner/Library/Developer/Xcode/DerivedData/SipCheck-apticojzjwokpoevnvszvhgyxxva/Build/Products/Debug-iphonesimulator/SipCheck.app/PlugIns/SipCheckTests.xctest (in target 'SipCheckTests' from project 'SipCheck')
    cd /Users/runner/work/sipcheck/sipcheck
    builtin-RegisterExecutionPolicyException /Users/runner/Library/Developer/Xcode/DerivedData/SipCheck-apticojzjwokpoevnvszvhgyxxva/Build/Products/Debug-iphonesimulator/SipCheck.app/PlugIns/SipCheckTests.xctest

Touch /Users/runner/Library/Developer/Xcode/DerivedData/SipCheck-apticojzjwokpoevnvszvhgyxxva/Build/Products/Debug-iphonesimulator/SipCheck.app/PlugIns/SipCheckTests.xctest (in target 'SipCheckTests' from project 'SipCheck')
    cd /Users/runner/work/sipcheck/sipcheck
    /usr/bin/touch -c /Users/runner/Library/Developer/Xcode/DerivedData/SipCheck-apticojzjwokpoevnvszvhgyxxva/Build/Products/Debug-iphonesimulator/SipCheck.app/PlugIns/SipCheckTests.xctest

CodeSign /Users/runner/Library/Developer/Xcode/DerivedData/SipCheck-apticojzjwokpoevnvszvhgyxxva/Build/Products/Debug-iphonesimulator/SipCheck.app/SipCheck.debug.dylib (in target 'SipCheck' from project 'SipCheck')
    cd /Users/runner/work/sipcheck/sipcheck
    
    Signing Identity:     "Sign to Run Locally"
    
    /usr/bin/codesign --force --sign - --timestamp\=none --generate-entitlement-der /Users/runner/Library/Developer/Xcode/DerivedData/SipCheck-apticojzjwokpoevnvszvhgyxxva/Build/Products/Debug-iphonesimulator/SipCheck.app/SipCheck.debug.dylib

CodeSign /Users/runner/Library/Developer/Xcode/DerivedData/SipCheck-apticojzjwokpoevnvszvhgyxxva/Build/Products/Debug-iphonesimulator/SipCheck.app/__preview.dylib (in target 'SipCheck' from project 'SipCheck')
    cd /Users/runner/work/sipcheck/sipcheck
    
    Signing Identity:     "Sign to Run Locally"
    
    /usr/bin/codesign --force --sign - --timestamp\=none --generate-entitlement-der /Users/runner/Library/Developer/Xcode/DerivedData/SipCheck-apticojzjwokpoevnvszvhgyxxva/Build/Products/Debug-iphonesimulator/SipCheck.app/__preview.dylib

CodeSign /Users/runner/Library/Developer/Xcode/DerivedData/SipCheck-apticojzjwokpoevnvszvhgyxxva/Build/Products/Debug-iphonesimulator/SipCheck.app (in target 'SipCheck' from project 'SipCheck')
    cd /Users/runner/work/sipcheck/sipcheck
    
    Signing Identity:     "Sign to Run Locally"
    
    /usr/bin/codesign --force --sign - --entitlements /Users/runner/Library/Developer/Xcode/DerivedData/SipCheck-apticojzjwokpoevnvszvhgyxxva/Build/Intermediates.noindex/SipCheck.build/Debug-iphonesimulator/SipCheck.build/SipCheck.app.xcent --timestamp\=none --generate-entitlement-der /Users/runner/Library/Developer/Xcode/DerivedData/SipCheck-apticojzjwokpoevnvszvhgyxxva/Build/Products/Debug-iphonesimulator/SipCheck.app

RegisterExecutionPolicyException /Users/runner/Library/Developer/Xcode/DerivedData/SipCheck-apticojzjwokpoevnvszvhgyxxva/Build/Products/Debug-iphonesimulator/SipCheck.app (in target 'SipCheck' from project 'SipCheck')
    cd /Users/runner/work/sipcheck/sipcheck
    builtin-RegisterExecutionPolicyException /Users/runner/Library/Developer/Xcode/DerivedData/SipCheck-apticojzjwokpoevnvszvhgyxxva/Build/Products/Debug-iphonesimulator/SipCheck.app

Validate /Users/runner/Library/Developer/Xcode/DerivedData/SipCheck-apticojzjwokpoevnvszvhgyxxva/Build/Products/Debug-iphonesimulator/SipCheck.app (in target 'SipCheck' from project 'SipCheck')
    cd /Users/runner/work/sipcheck/sipcheck
    builtin-validationUtility /Users/runner/Library/Developer/Xcode/DerivedData/SipCheck-apticojzjwokpoevnvszvhgyxxva/Build/Products/Debug-iphonesimulator/SipCheck.app -shallow-bundle -infoplist-subpath Info.plist

Touch /Users/runner/Library/Developer/Xcode/DerivedData/SipCheck-apticojzjwokpoevnvszvhgyxxva/Build/Products/Debug-iphonesimulator/SipCheck.app (in target 'SipCheck' from project 'SipCheck')
    cd /Users/runner/work/sipcheck/sipcheck
    /usr/bin/touch -c /Users/runner/Library/Developer/Xcode/DerivedData/SipCheck-apticojzjwokpoevnvszvhgyxxva/Build/Products/Debug-iphonesimulator/SipCheck.app

ProcessInfoPlistFile /Users/runner/Library/Developer/Xcode/DerivedData/SipCheck-apticojzjwokpoevnvszvhgyxxva/Build/Products/Debug-iphonesimulator/SipCheckUITests-Runner.app/PlugIns/SipCheckUITests.xctest/Info.plist /Users/runner/Library/Developer/Xcode/DerivedData/SipCheck-apticojzjwokpoevnvszvhgyxxva/Build/Intermediates.noindex/SipCheck.build/Debug-iphonesimulator/SipCheckUITests.build/empty-SipCheckUITests.plist (in target 'SipCheckUITests' from project 'SipCheck')
    cd /Users/runner/work/sipcheck/sipcheck
    builtin-infoPlistUtility /Users/runner/Library/Developer/Xcode/DerivedData/SipCheck-apticojzjwokpoevnvszvhgyxxva/Build/Intermediates.noindex/SipCheck.build/Debug-iphonesimulator/SipCheckUITests.build/empty-SipCheckUITests.plist -producttype com.apple.product-type.bundle.ui-testing -expandbuildsettings -format binary -platform iphonesimulator -additionalcontentfile /Users/runner/Library/Developer/Xcode/DerivedData/SipCheck-apticojzjwokpoevnvszvhgyxxva/Build/Intermediates.noindex/SipCheck.build/Debug-iphonesimulator/SipCheckUITests.build/ProductTypeInfoPlistAdditions.plist -o /Users/runner/Library/Developer/Xcode/DerivedData/SipCheck-apticojzjwokpoevnvszvhgyxxva/Build/Products/Debug-iphonesimulator/SipCheckUITests-Runner.app/PlugIns/SipCheckUITests.xctest/Info.plist

Ld /Users/runner/Library/Developer/Xcode/DerivedData/SipCheck-apticojzjwokpoevnvszvhgyxxva/Build/Products/Debug-iphonesimulator/SipCheckUITests-Runner.app/PlugIns/SipCheckUITests.xctest/SipCheckUITests normal (in target 'SipCheckUITests' from project 'SipCheck')
    cd /Users/runner/work/sipcheck/sipcheck
    /Applications/Xcode_26.3.app/Contents/Developer/Toolchains/XcodeDefault.xctoolchain/usr/bin/clang -Xlinker -reproducible -target arm64-apple-ios17.0-simulator -bundle -isysroot /Applications/Xcode_26.3.app/Contents/Developer/Platforms/iPhoneSimulator.platform/Developer/SDKs/iPhoneSimulator26.2.sdk -O0 -L/Users/runner/Library/Developer/Xcode/DerivedData/SipCheck-apticojzjwokpoevnvszvhgyxxva/Build/Intermediates.noindex/EagerLinkingTBDs/Debug-iphonesimulator -L/Users/runner/Library/Developer/Xcode/DerivedData/SipCheck-apticojzjwokpoevnvszvhgyxxva/Build/Products/Debug-iphonesimulator -L/Applications/Xcode_26.3.app/Contents/Developer/Platforms/iPhoneSimulator.platform/Developer/usr/lib -F/Users/runner/Library/Developer/Xcode/DerivedData/SipCheck-apticojzjwokpoevnvszvhgyxxva/Build/Intermediates.noindex/EagerLinkingTBDs/Debug-iphonesimulator -F/Users/runner/Library/Developer/Xcode/DerivedData/SipCheck-apticojzjwokpoevnvszvhgyxxva/Build/Products/Debug-iphonesimulator -iframework /Applications/Xcode_26.3.app/Contents/Developer/Platforms/iPhoneSimulator.platform/Developer/Library/Frameworks -iframework /Applications/Xcode_26.3.app/Contents/Developer/Platforms/iPhoneSimulator.platform/Developer/SDKs/iPhoneSimulator26.2.sdk/Developer/Library/Frameworks -filelist /Users/runner/Library/Developer/Xcode/DerivedData/SipCheck-apticojzjwokpoevnvszvhgyxxva/Build/Intermediates.noindex/SipCheck.build/Debug-iphonesimulator/SipCheckUITests.build/Objects-normal/arm64/SipCheckUITests.LinkFileList -Xlinker -rpath -Xlinker /usr/lib/swift -Xlinker -rpath -Xlinker @loader_path/Frameworks -dead_strip -Xlinker -object_path_lto -Xlinker /Users/runner/Library/Developer/Xcode/DerivedData/SipCheck-apticojzjwokpoevnvszvhgyxxva/Build/Intermediates.noindex/SipCheck.build/Debug-iphonesimulator/SipCheckUITests.build/Objects-normal/arm64/SipCheckUITests_lto.o -rdynamic -Xlinker -no_deduplicate -Xlinker -objc_abi_version -Xlinker 2 -Xlinker -debug_variant -Xlinker -dependency_info -Xlinker /Users/runner/Library/Developer/Xcode/DerivedData/SipCheck-apticojzjwokpoevnvszvhgyxxva/Build/Intermediates.noindex/SipCheck.build/Debug-iphonesimulator/SipCheckUITests.build/Objects-normal/arm64/SipCheckUITests_dependency_info.dat -fobjc-link-runtime -fprofile-instr-generate -L/Applications/Xcode_26.3.app/Contents/Developer/Toolchains/XcodeDefault.xctoolchain/usr/lib/swift/iphonesimulator -L/usr/lib/swift -Xlinker -add_ast_path -Xlinker /Users/runner/Library/Developer/Xcode/DerivedData/SipCheck-apticojzjwokpoevnvszvhgyxxva/Build/Intermediates.noindex/SipCheck.build/Debug-iphonesimulator/SipCheckUITests.build/Objects-normal/arm64/SipCheckUITests.swiftmodule @/Users/runner/Library/Developer/Xcode/DerivedData/SipCheck-apticojzjwokpoevnvszvhgyxxva/Build/Intermediates.noindex/SipCheck.build/Debug-iphonesimulator/SipCheckUITests.build/Objects-normal/arm64/SipCheckUITests-linker-args.resp -Xlinker -needed_framework -Xlinker XCTest -framework XCTest -Xlinker -needed-lXCTestSwiftSupport -lXCTestSwiftSupport -Xlinker -sectcreate -Xlinker __TEXT -Xlinker __entitlements -Xlinker /Users/runner/Library/Developer/Xcode/DerivedData/SipCheck-apticojzjwokpoevnvszvhgyxxva/Build/Intermediates.noindex/SipCheck.build/Debug-iphonesimulator/SipCheckUITests.build/SipCheckUITests.xctest-Simulated.xcent -Xlinker -sectcreate -Xlinker __TEXT -Xlinker __ents_der -Xlinker /Users/runner/Library/Developer/Xcode/DerivedData/SipCheck-apticojzjwokpoevnvszvhgyxxva/Build/Intermediates.noindex/SipCheck.build/Debug-iphonesimulator/SipCheckUITests.build/SipCheckUITests.xctest-Simulated.xcent.der -Xlinker -no_adhoc_codesign -o /Users/runner/Library/Developer/Xcode/DerivedData/SipCheck-apticojzjwokpoevnvszvhgyxxva/Build/Products/Debug-iphonesimulator/SipCheckUITests-Runner.app/PlugIns/SipCheckUITests.xctest/SipCheckUITests

ExtractAppIntentsMetadata (in target 'SipCheckUITests' from project 'SipCheck')
    cd /Users/runner/work/sipcheck/sipcheck
    /Applications/Xcode_26.3.app/Contents/Developer/Toolchains/XcodeDefault.xctoolchain/usr/bin/appintentsmetadataprocessor --toolchain-dir /var/run/com.apple.security.cryptexd/mnt/com.apple.MobileAsset.MetalToolchain-v17.3.7003.10.l9WqB2/Metal.xctoolchain --module-name SipCheckUITests --sdk-root /Applications/Xcode_26.3.app/Contents/Developer/Platforms/iPhoneSimulator.platform/Developer/SDKs/iPhoneSimulator26.2.sdk --xcode-version 17C529 --platform-family iOS --deployment-target 17.0 --bundle-identifier com.rishishah.sipcheck.uitests --output /Users/runner/Library/Developer/Xcode/DerivedData/SipCheck-apticojzjwokpoevnvszvhgyxxva/Build/Products/Debug-iphonesimulator/SipCheckUITests-Runner.app/PlugIns/SipCheckUITests.xctest --target-triple arm64-apple-ios17.0-simulator --binary-file /Users/runner/Library/Developer/Xcode/DerivedData/SipCheck-apticojzjwokpoevnvszvhgyxxva/Build/Products/Debug-iphonesimulator/SipCheckUITests-Runner.app/PlugIns/SipCheckUITests.xctest/SipCheckUITests --dependency-file /Users/runner/Library/Developer/Xcode/DerivedData/SipCheck-apticojzjwokpoevnvszvhgyxxva/Build/Intermediates.noindex/SipCheck.build/Debug-iphonesimulator/SipCheckUITests.build/Objects-normal/arm64/SipCheckUITests_dependency_info.dat --stringsdata-file /Users/runner/Library/Developer/Xcode/DerivedData/SipCheck-apticojzjwokpoevnvszvhgyxxva/Build/Intermediates.noindex/SipCheck.build/Debug-iphonesimulator/SipCheckUITests.build/Objects-normal/arm64/ExtractedAppShortcutsMetadata.stringsdata --source-file-list /Users/runner/Library/Developer/Xcode/DerivedData/SipCheck-apticojzjwokpoevnvszvhgyxxva/Build/Intermediates.noindex/SipCheck.build/Debug-iphonesimulator/SipCheckUITests.build/Objects-normal/arm64/SipCheckUITests.SwiftFileList --metadata-file-list /Users/runner/Library/Developer/Xcode/DerivedData/SipCheck-apticojzjwokpoevnvszvhgyxxva/Build/Intermediates.noindex/SipCheck.build/Debug-iphonesimulator/SipCheckUITests.build/SipCheckUITests.DependencyMetadataFileList --static-metadata-file-list /Users/runner/Library/Developer/Xcode/DerivedData/SipCheck-apticojzjwokpoevnvszvhgyxxva/Build/Intermediates.noindex/SipCheck.build/Debug-iphonesimulator/SipCheckUITests.build/SipCheckUITests.DependencyStaticMetadataFileList --swift-const-vals-list /Users/runner/Library/Developer/Xcode/DerivedData/SipCheck-apticojzjwokpoevnvszvhgyxxva/Build/Intermediates.noindex/SipCheck.build/Debug-iphonesimulator/SipCheckUITests.build/Objects-normal/arm64/SipCheckUITests.SwiftConstValuesFileList --compile-time-extraction --deployment-aware-processing --validate-assistant-intents --no-app-shortcuts-localization
2026-07-31 02:57:12.874 appintentsmetadataprocessor[17442:52392] Starting appintentsmetadataprocessor export
2026-07-31 02:57:12.876 appintentsmetadataprocessor[17442:52392] warning: Metadata extraction skipped. No AppIntents.framework dependency found.

CopySwiftLibs /Users/runner/Library/Developer/Xcode/DerivedData/SipCheck-apticojzjwokpoevnvszvhgyxxva/Build/Products/Debug-iphonesimulator/SipCheckUITests-Runner.app/PlugIns/SipCheckUITests.xctest (in target 'SipCheckUITests' from project 'SipCheck')
    cd /Users/runner/work/sipcheck/sipcheck
    builtin-swiftStdLibTool --copy --verbose --sign - --scan-executable /Users/runner/Library/Developer/Xcode/DerivedData/SipCheck-apticojzjwokpoevnvszvhgyxxva/Build/Products/Debug-iphonesimulator/SipCheckUITests-Runner.app/PlugIns/SipCheckUITests.xctest/SipCheckUITests --scan-folder /Users/runner/Library/Developer/Xcode/DerivedData/SipCheck-apticojzjwokpoevnvszvhgyxxva/Build/Products/Debug-iphonesimulator/SipCheckUITests-Runner.app/PlugIns/SipCheckUITests.xctest/Frameworks --scan-folder /Users/runner/Library/Developer/Xcode/DerivedData/SipCheck-apticojzjwokpoevnvszvhgyxxva/Build/Products/Debug-iphonesimulator/SipCheckUITests-Runner.app/PlugIns/SipCheckUITests.xctest/PlugIns --scan-folder /Users/runner/Library/Developer/Xcode/DerivedData/SipCheck-apticojzjwokpoevnvszvhgyxxva/Build/Products/Debug-iphonesimulator/SipCheckUITests-Runner.app/PlugIns/SipCheckUITests.xctest/SystemExtensions --scan-folder /Users/runner/Library/Developer/Xcode/DerivedData/SipCheck-apticojzjwokpoevnvszvhgyxxva/Build/Products/Debug-iphonesimulator/SipCheckUITests-Runner.app/PlugIns/SipCheckUITests.xctest/Extensions --platform iphonesimulator --toolchain /var/run/com.apple.security.cryptexd/mnt/com.apple.MobileAsset.MetalToolchain-v17.3.7003.10.l9WqB2/Metal.xctoolchain --toolchain /Applications/Xcode_26.3.app/Contents/Developer/Toolchains/XcodeDefault.xctoolchain --destination /Users/runner/Library/Developer/Xcode/DerivedData/SipCheck-apticojzjwokpoevnvszvhgyxxva/Build/Products/Debug-iphonesimulator/SipCheckUITests-Runner.app/PlugIns/SipCheckUITests.xctest/Frameworks --strip-bitcode --scan-executable /Applications/Xcode_26.3.app/Contents/Developer/Platforms/iPhoneSimulator.platform/Developer/usr/lib/libXCTestSwiftSupport.dylib --strip-bitcode-tool /Applications/Xcode_26.3.app/Contents/Developer/Toolchains/XcodeDefault.xctoolchain/usr/bin/bitcode_strip --emit-dependency-info /Users/runner/Library/Developer/Xcode/DerivedData/SipCheck-apticojzjwokpoevnvszvhgyxxva/Build/Intermediates.noindex/SipCheck.build/Debug-iphonesimulator/SipCheckUITests.build/SwiftStdLibToolInputDependencies.dep --filter-for-swift-os

AppIntentsSSUTraining (in target 'SipCheckUITests' from project 'SipCheck')
    cd /Users/runner/work/sipcheck/sipcheck
    /Applications/Xcode_26.3.app/Contents/Developer/Toolchains/XcodeDefault.xctoolchain/usr/bin/appintentsnltrainingprocessor --infoplist-path /Users/runner/Library/Developer/Xcode/DerivedData/SipCheck-apticojzjwokpoevnvszvhgyxxva/Build/Products/Debug-iphonesimulator/SipCheckUITests-Runner.app/PlugIns/SipCheckUITests.xctest/Info.plist --temp-dir-path /Users/runner/Library/Developer/Xcode/DerivedData/SipCheck-apticojzjwokpoevnvszvhgyxxva/Build/Intermediates.noindex/SipCheck.build/Debug-iphonesimulator/SipCheckUITests.build/ssu --bundle-id com.rishishah.sipcheck.uitests --product-path /Users/runner/Library/Developer/Xcode/DerivedData/SipCheck-apticojzjwokpoevnvszvhgyxxva/Build/Products/Debug-iphonesimulator/SipCheckUITests-Runner.app/PlugIns/SipCheckUITests.xctest --extracted-metadata-path /Users/runner/Library/Developer/Xcode/DerivedData/SipCheck-apticojzjwokpoevnvszvhgyxxva/Build/Products/Debug-iphonesimulator/SipCheckUITests-Runner.app/PlugIns/SipCheckUITests.xctest/Metadata.appintents --metadata-file-list /Users/runner/Library/Developer/Xcode/DerivedData/SipCheck-apticojzjwokpoevnvszvhgyxxva/Build/Intermediates.noindex/SipCheck.build/Debug-iphonesimulator/SipCheckUITests.build/SipCheckUITests.DependencyMetadataFileList --archive-ssu-assets
2026-07-31 02:57:12.916 appintentsnltrainingprocessor[17443:52393] Parsing options for appintentsnltrainingprocessor
2026-07-31 02:57:12.916 appintentsnltrainingprocessor[17443:52393] No AppShortcuts found - Skipping.

MkDir /Users/runner/Library/Developer/Xcode/DerivedData/SipCheck-apticojzjwokpoevnvszvhgyxxva/Build/Products/Debug-iphonesimulator/SipCheckUITests-Runner.app (in target 'SipCheckUITests' from project 'SipCheck')
    cd /Users/runner/work/sipcheck/sipcheck
    /bin/mkdir -p /Users/runner/Library/Developer/Xcode/DerivedData/SipCheck-apticojzjwokpoevnvszvhgyxxva/Build/Products/Debug-iphonesimulator/SipCheckUITests-Runner.app

CopyAndPreserveArchs /Users/runner/Library/Developer/Xcode/DerivedData/SipCheck-apticojzjwokpoevnvszvhgyxxva/Build/Products/Debug-iphonesimulator/SipCheckUITests-Runner.app/SipCheckUITests-Runner (in target 'SipCheckUITests' from project 'SipCheck')
    cd /Users/runner/work/sipcheck/sipcheck
    /Applications/Xcode_26.3.app/Contents/Developer/Toolchains/XcodeDefault.xctoolchain/usr/bin/lipo /Applications/Xcode_26.3.app/Contents/Developer/Platforms/iPhoneSimulator.platform/Developer/Library/Xcode/Agents/XCTRunner.app/XCTRunner -output /Users/runner/Library/Developer/Xcode/DerivedData/SipCheck-apticojzjwokpoevnvszvhgyxxva/Build/Products/Debug-iphonesimulator/SipCheckUITests-Runner.app/SipCheckUITests-Runner -extract arm64

CopyPlistFile /Users/runner/Library/Developer/Xcode/DerivedData/SipCheck-apticojzjwokpoevnvszvhgyxxva/Build/Products/Debug-iphonesimulator/SipCheckUITests-Runner.app/Info.plist /Applications/Xcode_26.3.app/Contents/Developer/Platforms/iPhoneSimulator.platform/Developer/Library/Xcode/Agents/XCTRunner.app/Info.plist (in target 'SipCheckUITests' from project 'SipCheck')
    cd /Users/runner/work/sipcheck/sipcheck
    builtin-copyPlist --validate --convert xml1 --macro-expansion WRAPPEDPRODUCTNAME SipCheckUITests-Runner --macro-expansion WRAPPEDPRODUCTBUNDLEIDENTIFIER com.rishishah.sipcheck.uitests.xctrunner --macro-expansion TESTPRODUCTNAME SipCheckUITests --macro-expansion TESTPRODUCTBUNDLEIDENTIFIER com.rishishah.sipcheck.uitests --copy-value UIDeviceFamily /Users/runner/Library/Developer/Xcode/DerivedData/SipCheck-apticojzjwokpoevnvszvhgyxxva/Build/Products/Debug-iphonesimulator/SipCheckUITests-Runner.app/PlugIns/SipCheckUITests.xctest/Info.plist --outdir /Users/runner/Library/Developer/Xcode/DerivedData/SipCheck-apticojzjwokpoevnvszvhgyxxva/Build/Products/Debug-iphonesimulator/SipCheckUITests-Runner.app -- /Applications/Xcode_26.3.app/Contents/Developer/Platforms/iPhoneSimulator.platform/Developer/Library/Xcode/Agents/XCTRunner.app/Info.plist

Copy /Users/runner/Library/Developer/Xcode/DerivedData/SipCheck-apticojzjwokpoevnvszvhgyxxva/Build/Products/Debug-iphonesimulator/SipCheckUITests-Runner.app/PkgInfo /Applications/Xcode_26.3.app/Contents/Developer/Platforms/iPhoneSimulator.platform/Developer/Library/Xcode/Agents/XCTRunner.app/PkgInfo (in target 'SipCheckUITests' from project 'SipCheck')
    cd /Users/runner/work/sipcheck/sipcheck
    builtin-copy -exclude .DS_Store -exclude CVS -exclude .svn -exclude .git -exclude .hg -resolve-src-symlinks /Applications/Xcode_26.3.app/Contents/Developer/Platforms/iPhoneSimulator.platform/Developer/Library/Xcode/Agents/XCTRunner.app/PkgInfo /Users/runner/Library/Developer/Xcode/DerivedData/SipCheck-apticojzjwokpoevnvszvhgyxxva/Build/Products/Debug-iphonesimulator/SipCheckUITests-Runner.app

Copy /Users/runner/Library/Developer/Xcode/DerivedData/SipCheck-apticojzjwokpoevnvszvhgyxxva/Build/Products/Debug-iphonesimulator/SipCheckUITests-Runner.app/Frameworks/libXCTestSwiftSupport.dylib /Applications/Xcode_26.3.app/Contents/Developer/Platforms/iPhoneSimulator.platform/Developer/usr/lib/libXCTestSwiftSupport.dylib (in target 'SipCheckUITests' from project 'SipCheck')
    cd /Users/runner/work/sipcheck/sipcheck
    builtin-copy -exclude .DS_Store -exclude CVS -exclude .svn -exclude .git -exclude .hg -exclude Headers -exclude PrivateHeaders -exclude Modules -exclude \*.tbd -resolve-src-symlinks /Applications/Xcode_26.3.app/Contents/Developer/Platforms/iPhoneSimulator.platform/Developer/usr/lib/libXCTestSwiftSupport.dylib /Users/runner/Library/Developer/Xcode/DerivedData/SipCheck-apticojzjwokpoevnvszvhgyxxva/Build/Products/Debug-iphonesimulator/SipCheckUITests-Runner.app/Frameworks

Copy /Users/runner/Library/Developer/Xcode/DerivedData/SipCheck-apticojzjwokpoevnvszvhgyxxva/Build/Products/Debug-iphonesimulator/SipCheckUITests-Runner.app/Frameworks/XCUnit.framework /Applications/Xcode_26.3.app/Contents/Developer/Platforms/iPhoneSimulator.platform/Developer/Library/PrivateFrameworks/XCUnit.framework (in target 'SipCheckUITests' from project 'SipCheck')
    cd /Users/runner/work/sipcheck/sipcheck
    builtin-copy -exclude .DS_Store -exclude CVS -exclude .svn -exclude .git -exclude .hg -exclude Headers -exclude PrivateHeaders -exclude Modules -exclude \*.tbd -resolve-src-symlinks /Applications/Xcode_26.3.app/Contents/Developer/Platforms/iPhoneSimulator.platform/Developer/Library/PrivateFrameworks/XCUnit.framework /Users/runner/Library/Developer/Xcode/DerivedData/SipCheck-apticojzjwokpoevnvszvhgyxxva/Build/Products/Debug-iphonesimulator/SipCheckUITests-Runner.app/Frameworks

Copy /Users/runner/Library/Developer/Xcode/DerivedData/SipCheck-apticojzjwokpoevnvszvhgyxxva/Build/Products/Debug-iphonesimulator/SipCheckUITests-Runner.app/Frameworks/XCUIAutomation.framework /Applications/Xcode_26.3.app/Contents/Developer/Platforms/iPhoneSimulator.platform/Developer/Library/Frameworks/XCUIAutomation.framework (in target 'SipCheckUITests' from project 'SipCheck')
    cd /Users/runner/work/sipcheck/sipcheck
    builtin-copy -exclude .DS_Store -exclude CVS -exclude .svn -exclude .git -exclude .hg -exclude Headers -exclude PrivateHeaders -exclude Modules -exclude \*.tbd -resolve-src-symlinks /Applications/Xcode_26.3.app/Contents/Developer/Platforms/iPhoneSimulator.platform/Developer/Library/Frameworks/XCUIAutomation.framework /Users/runner/Library/Developer/Xcode/DerivedData/SipCheck-apticojzjwokpoevnvszvhgyxxva/Build/Products/Debug-iphonesimulator/SipCheckUITests-Runner.app/Frameworks

Copy /Users/runner/Library/Developer/Xcode/DerivedData/SipCheck-apticojzjwokpoevnvszvhgyxxva/Build/Products/Debug-iphonesimulator/SipCheckUITests-Runner.app/Frameworks/XCTestSupport.framework /Applications/Xcode_26.3.app/Contents/Developer/Platforms/iPhoneSimulator.platform/Developer/Library/PrivateFrameworks/XCTestSupport.framework (in target 'SipCheckUITests' from project 'SipCheck')
    cd /Users/runner/work/sipcheck/sipcheck
    builtin-copy -exclude .DS_Store -exclude CVS -exclude .svn -exclude .git -exclude .hg -exclude Headers -exclude PrivateHeaders -exclude Modules -exclude \*.tbd -resolve-src-symlinks /Applications/Xcode_26.3.app/Contents/Developer/Platforms/iPhoneSimulator.platform/Developer/Library/PrivateFrameworks/XCTestSupport.framework /Users/runner/Library/Developer/Xcode/DerivedData/SipCheck-apticojzjwokpoevnvszvhgyxxva/Build/Products/Debug-iphonesimulator/SipCheckUITests-Runner.app/Frameworks

Copy /Users/runner/Library/Developer/Xcode/DerivedData/SipCheck-apticojzjwokpoevnvszvhgyxxva/Build/Products/Debug-iphonesimulator/SipCheckUITests-Runner.app/Frameworks/XCTestCore.framework /Applications/Xcode_26.3.app/Contents/Developer/Platforms/iPhoneSimulator.platform/Developer/Library/PrivateFrameworks/XCTestCore.framework (in target 'SipCheckUITests' from project 'SipCheck')
    cd /Users/runner/work/sipcheck/sipcheck
    builtin-copy -exclude .DS_Store -exclude CVS -exclude .svn -exclude .git -exclude .hg -exclude Headers -exclude PrivateHeaders -exclude Modules -exclude \*.tbd -resolve-src-symlinks /Applications/Xcode_26.3.app/Contents/Developer/Platforms/iPhoneSimulator.platform/Developer/Library/PrivateFrameworks/XCTestCore.framework /Users/runner/Library/Developer/Xcode/DerivedData/SipCheck-apticojzjwokpoevnvszvhgyxxva/Build/Products/Debug-iphonesimulator/SipCheckUITests-Runner.app/Frameworks

Copy /Users/runner/Library/Developer/Xcode/DerivedData/SipCheck-apticojzjwokpoevnvszvhgyxxva/Build/Products/Debug-iphonesimulator/SipCheckUITests-Runner.app/Frameworks/XCTest.framework /Applications/Xcode_26.3.app/Contents/Developer/Platforms/iPhoneSimulator.platform/Developer/Library/Frameworks/XCTest.framework (in target 'SipCheckUITests' from project 'SipCheck')
    cd /Users/runner/work/sipcheck/sipcheck
    builtin-copy -exclude .DS_Store -exclude CVS -exclude .svn -exclude .git -exclude .hg -exclude Headers -exclude PrivateHeaders -exclude Modules -exclude \*.tbd -resolve-src-symlinks /Applications/Xcode_26.3.app/Contents/Developer/Platforms/iPhoneSimulator.platform/Developer/Library/Frameworks/XCTest.framework /Users/runner/Library/Developer/Xcode/DerivedData/SipCheck-apticojzjwokpoevnvszvhgyxxva/Build/Products/Debug-iphonesimulator/SipCheckUITests-Runner.app/Frameworks

Copy /Users/runner/Library/Developer/Xcode/DerivedData/SipCheck-apticojzjwokpoevnvszvhgyxxva/Build/Products/Debug-iphonesimulator/SipCheckUITests-Runner.app/Frameworks/XCTAutomationSupport.framework /Applications/Xcode_26.3.app/Contents/Developer/Platforms/iPhoneSimulator.platform/Developer/Library/PrivateFrameworks/XCTAutomationSupport.framework (in target 'SipCheckUITests' from project 'SipCheck')
    cd /Users/runner/work/sipcheck/sipcheck
    builtin-copy -exclude .DS_Store -exclude CVS -exclude .svn -exclude .git -exclude .hg -exclude Headers -exclude PrivateHeaders -exclude Modules -exclude \*.tbd -resolve-src-symlinks /Applications/Xcode_26.3.app/Contents/Developer/Platforms/iPhoneSimulator.platform/Developer/Library/PrivateFrameworks/XCTAutomationSupport.framework /Users/runner/Library/Developer/Xcode/DerivedData/SipCheck-apticojzjwokpoevnvszvhgyxxva/Build/Products/Debug-iphonesimulator/SipCheckUITests-Runner.app/Frameworks

Copy /Users/runner/Library/Developer/Xcode/DerivedData/SipCheck-apticojzjwokpoevnvszvhgyxxva/Build/Products/Debug-iphonesimulator/SipCheckUITests-Runner.app/Frameworks/Testing.framework /Applications/Xcode_26.3.app/Contents/Developer/Platforms/iPhoneSimulator.platform/Developer/Library/Frameworks/Testing.framework (in target 'SipCheckUITests' from project 'SipCheck')
    cd /Users/runner/work/sipcheck/sipcheck
    builtin-copy -exclude .DS_Store -exclude CVS -exclude .svn -exclude .git -exclude .hg -exclude Headers -exclude PrivateHeaders -exclude Modules -exclude \*.tbd -resolve-src-symlinks /Applications/Xcode_26.3.app/Contents/Developer/Platforms/iPhoneSimulator.platform/Developer/Library/Frameworks/Testing.framework /Users/runner/Library/Developer/Xcode/DerivedData/SipCheck-apticojzjwokpoevnvszvhgyxxva/Build/Products/Debug-iphonesimulator/SipCheckUITests-Runner.app/Frameworks

CodeSign /Users/runner/Library/Developer/Xcode/DerivedData/SipCheck-apticojzjwokpoevnvszvhgyxxva/Build/Products/Debug-iphonesimulator/SipCheckUITests-Runner.app/PlugIns/SipCheckUITests.xctest (in target 'SipCheckUITests' from project 'SipCheck')
    cd /Users/runner/work/sipcheck/sipcheck
    
    Signing Identity:     "Sign to Run Locally"
    
    /usr/bin/codesign --force --sign - --timestamp\=none --generate-entitlement-der /Users/runner/Library/Developer/Xcode/DerivedData/SipCheck-apticojzjwokpoevnvszvhgyxxva/Build/Products/Debug-iphonesimulator/SipCheckUITests-Runner.app/PlugIns/SipCheckUITests.xctest

CodeSign /Users/runner/Library/Developer/Xcode/DerivedData/SipCheck-apticojzjwokpoevnvszvhgyxxva/Build/Products/Debug-iphonesimulator/SipCheckUITests-Runner.app (in target 'SipCheckUITests' from project 'SipCheck')
    cd /Users/runner/work/sipcheck/sipcheck
    
    Signing Identity:     "Sign to Run Locally"
    
    /usr/bin/codesign --force --sign - --timestamp\=none --generate-entitlement-der /Users/runner/Library/Developer/Xcode/DerivedData/SipCheck-apticojzjwokpoevnvszvhgyxxva/Build/Products/Debug-iphonesimulator/SipCheckUITests-Runner.app
/Users/runner/Library/Developer/Xcode/DerivedData/SipCheck-apticojzjwokpoevnvszvhgyxxva/Build/Products/Debug-iphonesimulator/SipCheckUITests-Runner.app: replacing existing signature

RegisterExecutionPolicyException /Users/runner/Library/Developer/Xcode/DerivedData/SipCheck-apticojzjwokpoevnvszvhgyxxva/Build/Products/Debug-iphonesimulator/SipCheckUITests-Runner.app/PlugIns/SipCheckUITests.xctest (in target 'SipCheckUITests' from project 'SipCheck')
    cd /Users/runner/work/sipcheck/sipcheck
    builtin-RegisterExecutionPolicyException /Users/runner/Library/Developer/Xcode/DerivedData/SipCheck-apticojzjwokpoevnvszvhgyxxva/Build/Products/Debug-iphonesimulator/SipCheckUITests-Runner.app/PlugIns/SipCheckUITests.xctest

Touch /Users/runner/Library/Developer/Xcode/DerivedData/SipCheck-apticojzjwokpoevnvszvhgyxxva/Build/Products/Debug-iphonesimulator/SipCheckUITests-Runner.app/PlugIns/SipCheckUITests.xctest (in target 'SipCheckUITests' from project 'SipCheck')
    cd /Users/runner/work/sipcheck/sipcheck
    /usr/bin/touch -c /Users/runner/Library/Developer/Xcode/DerivedData/SipCheck-apticojzjwokpoevnvszvhgyxxva/Build/Products/Debug-iphonesimulator/SipCheckUITests-Runner.app/PlugIns/SipCheckUITests.xctest

SipCheck app launched successfully!
Test Suite 'All tests' started at 2026-07-31 02:57:39.886.
Test Suite 'SipCheckTests.xctest' started at 2026-07-31 02:57:39.887.
Test Suite 'BeerDiscoveryServiceTests' started at 2026-07-31 02:57:39.887.
Test Case '-[SipCheckTests.BeerDiscoveryServiceTests testABVParsingRequiresABVContext]' started.
Test Case '-[SipCheckTests.BeerDiscoveryServiceTests testABVParsingRequiresABVContext]' passed (0.004 seconds).
Test Case '-[SipCheckTests.BeerDiscoveryServiceTests testArtworkPreferenceUsesSeparateCacheLaneAndTopsUpStrongCatalogMatch]' started.
Test Case '-[SipCheckTests.BeerDiscoveryServiceTests testArtworkPreferenceUsesSeparateCacheLaneAndTopsUpStrongCatalogMatch]' passed (0.042 seconds).
Test Case '-[SipCheckTests.BeerDiscoveryServiceTests testBreweryIdentityIgnoresLegalSuffixVariantsButNotDifferentProducers]' started.
Test Case '-[SipCheckTests.BeerDiscoveryServiceTests testBreweryIdentityIgnoresLegalSuffixVariantsButNotDifferentProducers]' passed (0.001 seconds).
Test Case '-[SipCheckTests.BeerDiscoveryServiceTests testCatalogParserDoesNotTreatCountsContainingZeroAsZero]' started.
Test Case '-[SipCheckTests.BeerDiscoveryServiceTests testCatalogParserDoesNotTreatCountsContainingZeroAsZero]' passed (0.003 seconds).
Test Case '-[SipCheckTests.BeerDiscoveryServiceTests testCatalogParserReadsCurrentSemanticRowsWithoutTypeBadge]' started.
Test Case '-[SipCheckTests.BeerDiscoveryServiceTests testCatalogParserReadsCurrentSemanticRowsWithoutTypeBadge]' passed (0.011 seconds).
Test Case '-[SipCheckTests.BeerDiscoveryServiceTests testCatalogParserRejectsZeroResultAndIrrelevantPages]' started.
Test Case '-[SipCheckTests.BeerDiscoveryServiceTests testCatalogParserRejectsZeroResultAndIrrelevantPages]' passed (0.002 seconds).
Test Case '-[SipCheckTests.BeerDiscoveryServiceTests testDiscoveryRelevanceAllowsStyleAndLocationQualifiers]' started.
Test Case '-[SipCheckTests.BeerDiscoveryServiceTests testDiscoveryRelevanceAllowsStyleAndLocationQualifiers]' passed (0.001 seconds).
Test Case '-[SipCheckTests.BeerDiscoveryServiceTests testDiscoveryRelevanceTreatsSpacingVariantsAsExactIdentity]' started.
Test Case '-[SipCheckTests.BeerDiscoveryServiceTests testDiscoveryRelevanceTreatsSpacingVariantsAsExactIdentity]' passed (0.001 seconds).
Test Case '-[SipCheckTests.BeerDiscoveryServiceTests testDiscoveryStyleMappingUsesTasteScorerSemantics]' started.
Test Case '-[SipCheckTests.BeerDiscoveryServiceTests testDiscoveryStyleMappingUsesTasteScorerSemantics]' passed (0.001 seconds).
Test Case '-[SipCheckTests.BeerDiscoveryServiceTests testExpiredWebHitSurvivesATopUpTimeoutWithoutExtendingItsAge]' started.
2026-07-31 02:57:40.089160+0000 SipCheck[18340:55361] [Default] Task <629B8719-88C0-4DA9-ADFD-2E301CF305C7>.<4> finished with error [-1001] Error Domain=NSURLErrorDomain Code=-1001 "(null)" UserInfo={_NSURLErrorRelatedURLSessionTaskErrorKey=(
    "LocalDataTask <629B8719-88C0-4DA9-ADFD-2E301CF305C7>.<4>"
), _NSURLErrorFailingURLSessionTaskErrorKey=LocalDataTask <629B8719-88C0-4DA9-ADFD-2E301CF305C7>.<4>}
2026-07-31 02:57:40.092363+0000 SipCheck[18340:55365] [Default] Task <729FD0AE-A7D7-4319-9B78-365396E0E2CD>.<6> finished with error [-1001] Error Domain=NSURLErrorDomain Code=-1001 "(null)" UserInfo={_NSURLErrorRelatedURLSessionTaskErrorKey=(
    "LocalDataTask <729FD0AE-A7D7-4319-9B78-365396E0E2CD>.<6>"
), _NSURLErrorFailingURLSessionTaskErrorKey=LocalDataTask <729FD0AE-A7D7-4319-9B78-365396E0E2CD>.<6>}
Test Case '-[SipCheckTests.BeerDiscoveryServiceTests testExpiredWebHitSurvivesATopUpTimeoutWithoutExtendingItsAge]' passed (0.009 seconds).
Test Case '-[SipCheckTests.BeerDiscoveryServiceTests testFailedWebTopUpUsesAShortCacheLifetime]' started.
2026-07-31 02:57:40.096947+0000 SipCheck[18340:55364] [Default] Task <6B71774D-FD9C-4E24-88FF-0EBDCC3163FD>.<2> finished with error [-1001] Error Domain=NSURLErrorDomain Code=-1001 "(null)" UserInfo={_NSURLErrorRelatedURLSessionTaskErrorKey=(
    "LocalDataTask <6B71774D-FD9C-4E24-88FF-0EBDCC3163FD>.<2>"
), _NSURLErrorFailingURLSessionTaskErrorKey=LocalDataTask <6B71774D-FD9C-4E24-88FF-0EBDCC3163FD>.<2>}
2026-07-31 02:57:40.098813+0000 SipCheck[18340:55364] [Default] Task <75DA0F94-F9CF-4DD5-A0A9-FBC7F4CC9422>.<4> finished with error [-1001] Error Domain=NSURLErrorDomain Code=-1001 "(null)" UserInfo={_NSURLErrorRelatedURLSessionTaskErrorKey=(
    "LocalDataTask <75DA0F94-F9CF-4DD5-A0A9-FBC7F4CC9422>.<4>"
), _NSURLErrorFailingURLSessionTaskErrorKey=LocalDataTask <75DA0F94-F9CF-4DD5-A0A9-FBC7F4CC9422>.<4>}
Test Case '-[SipCheckTests.BeerDiscoveryServiceTests testFailedWebTopUpUsesAShortCacheLifetime]' passed (0.005 seconds).
Test Case '-[SipCheckTests.BeerDiscoveryServiceTests testMergerKeepsSameNameFromDifferentBreweriesAndDeduplicatesIdentity]' started.
Test Case '-[SipCheckTests.BeerDiscoveryServiceTests testMergerKeepsSameNameFromDifferentBreweriesAndDeduplicatesIdentity]' passed (0.001 seconds).
Test Case '-[SipCheckTests.BeerDiscoveryServiceTests testMockSearchIsGenericAndDoesNotEncodeARealBeer]' started.
Test Case '-[SipCheckTests.BeerDiscoveryServiceTests testMockSearchIsGenericAndDoesNotEncodeARealBeer]' passed (0.001 seconds).
Test Case '-[SipCheckTests.BeerDiscoveryServiceTests testPersistedCacheSurvivesServiceRecreationAndOfflineMode]' started.
Test Case '-[SipCheckTests.BeerDiscoveryServiceTests testPersistedCacheSurvivesServiceRecreationAndOfflineMode]' passed (0.017 seconds).
Test Case '-[SipCheckTests.BeerDiscoveryServiceTests testProxyAcceptsPublicThirdPartyHTTPSSource]' started.
Test Case '-[SipCheckTests.BeerDiscoveryServiceTests testProxyAcceptsPublicThirdPartyHTTPSSource]' passed (0.001 seconds).
Test Case '-[SipCheckTests.BeerDiscoveryServiceTests testProxyFactsFeedExistingLocalHistoryScorer]' started.
Test Case '-[SipCheckTests.BeerDiscoveryServiceTests testProxyFactsFeedExistingLocalHistoryScorer]' passed (0.002 seconds).
Test Case '-[SipCheckTests.BeerDiscoveryServiceTests testProxyPreservesSignedArtworkURLBytesExactly]' started.
Test Case '-[SipCheckTests.BeerDiscoveryServiceTests testProxyPreservesSignedArtworkURLBytesExactly]' passed (0.020 seconds).
Test Case '-[SipCheckTests.BeerDiscoveryServiceTests testProxyPropagatesOnlySafeOptionalProductArtwork]' started.
Test Case '-[SipCheckTests.BeerDiscoveryServiceTests testProxyPropagatesOnlySafeOptionalProductArtwork]' passed (0.001 seconds).
Test Case '-[SipCheckTests.BeerDiscoveryServiceTests testProxyRejectsBadHTTPStatusAndOversizedResponse]' started.
Test Case '-[SipCheckTests.BeerDiscoveryServiceTests testProxyRejectsBadHTTPStatusAndOversizedResponse]' passed (0.003 seconds).
Test Case '-[SipCheckTests.BeerDiscoveryServiceTests testProxyRejectsInventedAndPrivateSourceURLs]' started.
Test Case '-[SipCheckTests.BeerDiscoveryServiceTests testProxyRejectsInventedAndPrivateSourceURLs]' passed (0.001 seconds).
Test Case '-[SipCheckTests.BeerDiscoveryServiceTests testProxyRejectsIrrelevantIdentity]' started.
Test Case '-[SipCheckTests.BeerDiscoveryServiceTests testProxyRejectsIrrelevantIdentity]' passed (0.002 seconds).
Test Case '-[SipCheckTests.BeerDiscoveryServiceTests testProxyRejectsMalformedSchemaAndInvalidFacts]' started.
Test Case '-[SipCheckTests.BeerDiscoveryServiceTests testProxyRejectsMalformedSchemaAndInvalidFacts]' passed (0.001 seconds).
Test Case '-[SipCheckTests.BeerDiscoveryServiceTests testProxyRequestContainsOnlyQueryAndLimitWithoutProviderCredentials]' started.
Test Case '-[SipCheckTests.BeerDiscoveryServiceTests testProxyRequestContainsOnlyQueryAndLimitWithoutProviderCredentials]' passed (0.002 seconds).
Test Case '-[SipCheckTests.BeerDiscoveryServiceTests testServiceDoesNotSendAnOverlongTypedQuery]' started.
Test Case '-[SipCheckTests.BeerDiscoveryServiceTests testServiceDoesNotSendAnOverlongTypedQuery]' passed (0.001 seconds).
Test Case '-[SipCheckTests.BeerDiscoveryServiceTests testServiceDoesNotUseWebForAStrongBeerNameMatch]' started.
Test Case '-[SipCheckTests.BeerDiscoveryServiceTests testServiceDoesNotUseWebForAStrongBeerNameMatch]' passed (0.002 seconds).
Test Case '-[SipCheckTests.BeerDiscoveryServiceTests testServiceFallsBackToGroundedWebSearchOnCatalogMiss]' started.
Test Case '-[SipCheckTests.BeerDiscoveryServiceTests testServiceFallsBackToGroundedWebSearchOnCatalogMiss]' passed (0.002 seconds).
Test Case '-[SipCheckTests.BeerDiscoveryServiceTests testServiceTopsUpBreweryQueriesAndKeepsCurrentWebResultsFirst]' started.
Test Case '-[SipCheckTests.BeerDiscoveryServiceTests testServiceTopsUpBreweryQueriesAndKeepsCurrentWebResultsFirst]' passed (0.003 seconds).
Test Case '-[SipCheckTests.BeerDiscoveryServiceTests testServiceTopsUpStrongCatalogMatchWhenStyleCannotBeScored]' started.
Test Case '-[SipCheckTests.BeerDiscoveryServiceTests testServiceTopsUpStrongCatalogMatchWhenStyleCannotBeScored]' passed (0.004 seconds).
Test Case '-[SipCheckTests.BeerDiscoveryServiceTests testServiceUsesCatalogThenNormalizedMemoryCache]' started.
Test Case '-[SipCheckTests.BeerDiscoveryServiceTests testServiceUsesCatalogThenNormalizedMemoryCache]' passed (0.002 seconds).
Test Case '-[SipCheckTests.BeerDiscoveryServiceTests testServiceUsesWebForAWeakCatalogMatch]' started.
Test Case '-[SipCheckTests.BeerDiscoveryServiceTests testServiceUsesWebForAWeakCatalogMatch]' passed (0.003 seconds).
Test Suite 'BeerDiscoveryServiceTests' passed at 2026-07-31 02:57:40.241.
	 Executed 30 tests, with 0 failures (0 unexpected) in 0.145 (0.354) seconds
Test Suite 'BeerLibraryProjectionTests' started at 2026-07-31 02:57:40.241.
Test Case '-[SipCheckTests.BeerLibraryProjectionTests testEqualEncounterDatesUseModificationTimeAsStableLatestTieBreak]' started.
Test Case '-[SipCheckTests.BeerLibraryProjectionTests testEqualEncounterDatesUseModificationTimeAsStableLatestTieBreak]' passed (0.003 seconds).
Test Case '-[SipCheckTests.BeerLibraryProjectionTests testIdentityNormalizesCaseDiacriticsApostrophesAndPunctuation]' started.
Test Case '-[SipCheckTests.BeerLibraryProjectionTests testIdentityNormalizesCaseDiacriticsApostrophesAndPunctuation]' passed (0.001 seconds).
Test Case '-[SipCheckTests.BeerLibraryProjectionTests testJournalEditImmediatelyOverridesStaleDrinkForProfileAndExactVerdict]' started.
Test Case '-[SipCheckTests.BeerLibraryProjectionTests testJournalEditImmediatelyOverridesStaleDrinkForProfileAndExactVerdict]' passed (0.001 seconds).
Test Case '-[SipCheckTests.BeerLibraryProjectionTests testJournalMirrorPairingPreservesOlderLegacyEncounterOfSameBeer]' started.
Test Case '-[SipCheckTests.BeerLibraryProjectionTests testJournalMirrorPairingPreservesOlderLegacyEncounterOfSameBeer]' passed (0.001 seconds).
Test Case '-[SipCheckTests.BeerLibraryProjectionTests testJournalTombstoneSuppressesOnlyItsMirrorNotNewerLegacyEncounter]' started.
Test Case '-[SipCheckTests.BeerLibraryProjectionTests testJournalTombstoneSuppressesOnlyItsMirrorNotNewerLegacyEncounter]' passed (0.001 seconds).
Test Case '-[SipCheckTests.BeerLibraryProjectionTests testJournalTombstoneSuppressesStillLiveMirroredDrink]' started.
Test Case '-[SipCheckTests.BeerLibraryProjectionTests testJournalTombstoneSuppressesStillLiveMirroredDrink]' passed (0.001 seconds).
Test Case '-[SipCheckTests.BeerLibraryProjectionTests testLegacyOnlyDrinkRemainsVisibleAndTasteActive]' started.
Test Case '-[SipCheckTests.BeerLibraryProjectionTests testLegacyOnlyDrinkRemainsVisibleAndTasteActive]' passed (0.001 seconds).
Test Case '-[SipCheckTests.BeerLibraryProjectionTests testMirroredJournalAndDrinkCountOnceAndJournalWins]' started.
Test Case '-[SipCheckTests.BeerLibraryProjectionTests testMirroredJournalAndDrinkCountOnceAndJournalWins]' passed (0.001 seconds).
Test Case '-[SipCheckTests.BeerLibraryProjectionTests testMissingBreweryNeverJoinsKnownBrewery]' started.
Test Case '-[SipCheckTests.BeerLibraryProjectionTests testMissingBreweryNeverJoinsKnownBrewery]' passed (0.001 seconds).
Test Case '-[SipCheckTests.BeerLibraryProjectionTests testMultipleJournalEncountersStaySeparateWithinOneBeer]' started.
Test Case '-[SipCheckTests.BeerLibraryProjectionTests testMultipleJournalEncountersStaySeparateWithinOneBeer]' passed (0.001 seconds).
Test Case '-[SipCheckTests.BeerLibraryProjectionTests testPairedDrinkFillsServingTypeWithoutOverridingJournalRating]' started.
Test Case '-[SipCheckTests.BeerLibraryProjectionTests testPairedDrinkFillsServingTypeWithoutOverridingJournalRating]' passed (0.001 seconds).
Test Case '-[SipCheckTests.BeerLibraryProjectionTests testSameNameDifferentKnownBreweriesStaySeparate]' started.
Test Case '-[SipCheckTests.BeerLibraryProjectionTests testSameNameDifferentKnownBreweriesStaySeparate]' passed (0.001 seconds).
Test Case '-[SipCheckTests.BeerLibraryProjectionTests testSavedScansJoinStrictIdentityAndLinkedScansAreExcluded]' started.
Test Case '-[SipCheckTests.BeerLibraryProjectionTests testSavedScansJoinStrictIdentityAndLinkedScansAreExcluded]' passed (0.001 seconds).
Test Case '-[SipCheckTests.BeerLibraryProjectionTests testSharedIDMigrationFixtureSuppressesMirrorAfterMetadataDiverges]' started.
Test Case '-[SipCheckTests.BeerLibraryProjectionTests testSharedIDMigrationFixtureSuppressesMirrorAfterMetadataDiverges]' passed (0.001 seconds).
Test Case '-[SipCheckTests.BeerLibraryProjectionTests testUnpairedUnknownBeerPlaceholdersCannotCreatePersonalEvidence]' started.
Test Case '-[SipCheckTests.BeerLibraryProjectionTests testUnpairedUnknownBeerPlaceholdersCannotCreatePersonalEvidence]' passed (0.000 seconds).
Test Suite 'BeerLibraryProjectionTests' passed at 2026-07-31 02:57:40.461.
	 Executed 15 tests, with 0 failures (0 unexpected) in 0.013 (0.220) seconds
Test Suite 'BeerMatcherTests' started at 2026-07-31 02:57:40.461.
Test Case '-[SipCheckTests.BeerMatcherTests testCaseInsensitiveMatch]' started.
Test Case '-[SipCheckTests.BeerMatcherTests testCaseInsensitiveMatch]' passed (0.005 seconds).
Test Case '-[SipCheckTests.BeerMatcherTests testEmptyHistory]' started.
Test Case '-[SipCheckTests.BeerMatcherTests testEmptyHistory]' passed (0.000 seconds).
Test Case '-[SipCheckTests.BeerMatcherTests testEmptyQuery]' started.
Test Case '-[SipCheckTests.BeerMatcherTests testEmptyQuery]' passed (0.000 seconds).
Test Case '-[SipCheckTests.BeerMatcherTests testExactIdentityUsesBreweryForDuplicateBeerNames]' started.
Test Case '-[SipCheckTests.BeerMatcherTests testExactIdentityUsesBreweryForDuplicateBeerNames]' passed (0.001 seconds).
Test Case '-[SipCheckTests.BeerMatcherTests testExactMatch]' started.
Test Case '-[SipCheckTests.BeerMatcherTests testExactMatch]' passed (0.000 seconds).
Test Case '-[SipCheckTests.BeerMatcherTests testExactMatchReturnsCorrectDrink]' started.
Test Case '-[SipCheckTests.BeerMatcherTests testExactMatchReturnsCorrectDrink]' passed (0.005 seconds).
Test Case '-[SipCheckTests.BeerMatcherTests testFuzzyMatchingReturnsClosestDrinkInsteadOfFirstAboveThreshold]' started.
Test Case '-[SipCheckTests.BeerMatcherTests testFuzzyMatchingReturnsClosestDrinkInsteadOfFirstAboveThreshold]' passed (0.001 seconds).
Test Case '-[SipCheckTests.BeerMatcherTests testFuzzyMatchWithTypo]' started.
Test Case '-[SipCheckTests.BeerMatcherTests testFuzzyMatchWithTypo]' passed (0.001 seconds).
Test Case '-[SipCheckTests.BeerMatcherTests testGenericStyleNameDoesNotClaimAnUnrelatedBeer]' started.
Test Case '-[SipCheckTests.BeerMatcherTests testGenericStyleNameDoesNotClaimAnUnrelatedBeer]' passed (0.000 seconds).
Test Case '-[SipCheckTests.BeerMatcherTests testLongOCRBlobStillFindsContainedHistoryName]' started.
Test Case '-[SipCheckTests.BeerMatcherTests testLongOCRBlobStillFindsContainedHistoryName]' passed (0.002 seconds).
Test Case '-[SipCheckTests.BeerMatcherTests testMixedCaseMatch]' started.
Test Case '-[SipCheckTests.BeerMatcherTests testMixedCaseMatch]' passed (0.001 seconds).
Test Case '-[SipCheckTests.BeerMatcherTests testNoMatch]' started.
Test Case '-[SipCheckTests.BeerMatcherTests testNoMatch]' passed (0.001 seconds).
Test Case '-[SipCheckTests.BeerMatcherTests testNoMatchWithCompletelyDifferentText]' started.
Test Case '-[SipCheckTests.BeerMatcherTests testNoMatchWithCompletelyDifferentText]' passed (0.001 seconds).
Test Case '-[SipCheckTests.BeerMatcherTests testPartialMatchNameContainedInQuery]' started.
Test Case '-[SipCheckTests.BeerMatcherTests testPartialMatchNameContainedInQuery]' passed (0.001 seconds).
Test Case '-[SipCheckTests.BeerMatcherTests testPartialMatchQueryContainedInName]' started.
Test Case '-[SipCheckTests.BeerMatcherTests testPartialMatchQueryContainedInName]' passed (0.001 seconds).
Test Case '-[SipCheckTests.BeerMatcherTests testPunctuationDifferencesNormalizeForExactIdentity]' started.
Test Case '-[SipCheckTests.BeerMatcherTests testPunctuationDifferencesNormalizeForExactIdentity]' passed (0.001 seconds).
Test Case '-[SipCheckTests.BeerMatcherTests testWhitespaceQuery]' started.
Test Case '-[SipCheckTests.BeerMatcherTests testWhitespaceQuery]' passed (0.001 seconds).
Test Suite 'BeerMatcherTests' passed at 2026-07-31 02:57:40.503.
	 Executed 17 tests, with 0 failures (0 unexpected) in 0.020 (0.042) seconds
Test Suite 'DeveloperScenarioTests' started at 2026-07-31 02:57:40.503.
Test Case '-[SipCheckTests.DeveloperScenarioTests testApplyingScenarioReplacesAndPersistsTheWholeIsolatedSandbox]' started.
Test Case '-[SipCheckTests.DeveloperScenarioTests testApplyingScenarioReplacesAndPersistsTheWholeIsolatedSandbox]' passed (0.036 seconds).
Test Case '-[SipCheckTests.DeveloperScenarioTests testFixturesRepresentFourDistinctProductStates]' started.
Test Case '-[SipCheckTests.DeveloperScenarioTests testFixturesRepresentFourDistinctProductStates]' passed (0.001 seconds).
Test Case '-[SipCheckTests.DeveloperScenarioTests testLaunchArgumentParsesSplitAndInlineForms]' started.
Test Case '-[SipCheckTests.DeveloperScenarioTests testLaunchArgumentParsesSplitAndInlineForms]' passed (0.000 seconds).
Test Suite 'DeveloperScenarioTests' passed at 2026-07-31 02:57:40.541.
	 Executed 3 tests, with 0 failures (0 unexpected) in 0.037 (0.038) seconds
Test Suite 'DrinkStoreTests' started at 2026-07-31 02:57:40.541.
Test Case '-[SipCheckTests.DrinkStoreTests testAddDrink]' started.
Test Case '-[SipCheckTests.DrinkStoreTests testAddDrink]' passed (0.003 seconds).
Test Case '-[SipCheckTests.DrinkStoreTests testAddDrinkInsertsAtFront]' started.
Test Case '-[SipCheckTests.DrinkStoreTests testAddDrinkInsertsAtFront]' passed (0.001 seconds).
Test Case '-[SipCheckTests.DrinkStoreTests testDeleteDrink]' started.
Test Case '-[SipCheckTests.DrinkStoreTests testDeleteDrink]' passed (0.002 seconds).
Test Case '-[SipCheckTests.DrinkStoreTests testDeleteNonExistentDrinkDoesNothing]' started.
Test Case '-[SipCheckTests.DrinkStoreTests testDeleteNonExistentDrinkDoesNothing]' passed (0.002 seconds).
Test Case '-[SipCheckTests.DrinkStoreTests testDeletePersists]' started.
Test Case '-[SipCheckTests.DrinkStoreTests testDeletePersists]' passed (0.003 seconds).
Test Case '-[SipCheckTests.DrinkStoreTests testFindMatch]' started.
Test Case '-[SipCheckTests.DrinkStoreTests testFindMatch]' passed (0.066 seconds).
Test Case '-[SipCheckTests.DrinkStoreTests testLoadFromCorruptFile]' started.
DrinkStore: drinks.json and backup both unreadable — starting empty
Test Case '-[SipCheckTests.DrinkStoreTests testLoadFromCorruptFile]' passed (0.004 seconds).
Test Case '-[SipCheckTests.DrinkStoreTests testLoadFromMissingFile]' started.
Test Case '-[SipCheckTests.DrinkStoreTests testLoadFromMissingFile]' passed (0.001 seconds).
Test Case '-[SipCheckTests.DrinkStoreTests testPersistenceAcrossInstances]' started.
Test Case '-[SipCheckTests.DrinkStoreTests testPersistenceAcrossInstances]' passed (0.002 seconds).
Test Case '-[SipCheckTests.DrinkStoreTests testRecentDrinksReturnsMaxThree]' started.
Test Case '-[SipCheckTests.DrinkStoreTests testRecentDrinksReturnsMaxThree]' passed (0.002 seconds).
Test Case '-[SipCheckTests.DrinkStoreTests testSavedPhotoCanBeLoadedAfterStoreRecreation]' started.
Test Case '-[SipCheckTests.DrinkStoreTests testSavedPhotoCanBeLoadedAfterStoreRecreation]' passed (0.033 seconds).
Test Case '-[SipCheckTests.DrinkStoreTests testSeedDataMode]' started.
Test Case '-[SipCheckTests.DrinkStoreTests testSeedDataMode]' passed (0.007 seconds).
Test Case '-[SipCheckTests.DrinkStoreTests testUpdateDrink]' started.
Test Case '-[SipCheckTests.DrinkStoreTests testUpdateDrink]' passed (0.002 seconds).
Test Suite 'DrinkStoreTests' passed at 2026-07-31 02:57:40.679.
	 Executed 13 tests, with 0 failures (0 unexpected) in 0.126 (0.138) seconds
Test Suite 'JournalStoreTests' started at 2026-07-31 02:57:40.679.
Test Case '-[SipCheckTests.JournalStoreTests testAddEntry]' started.
Test Case '-[SipCheckTests.JournalStoreTests testAddEntry]' passed (0.005 seconds).
Test Case '-[SipCheckTests.JournalStoreTests testAddEntryInsertsAtFront]' started.
Test Case '-[SipCheckTests.JournalStoreTests testAddEntryInsertsAtFront]' passed (0.001 seconds).
Test Case '-[SipCheckTests.JournalStoreTests testAverageRating]' started.
Test Case '-[SipCheckTests.JournalStoreTests testAverageRating]' passed (0.002 seconds).
Test Case '-[SipCheckTests.JournalStoreTests testAverageRatingNilWhenEmpty]' started.
Test Case '-[SipCheckTests.JournalStoreTests testAverageRatingNilWhenEmpty]' passed (0.005 seconds).
Test Case '-[SipCheckTests.JournalStoreTests testDeleteEntry]' started.
Test Case '-[SipCheckTests.JournalStoreTests testDeleteEntry]' passed (0.002 seconds).
Test Case '-[SipCheckTests.JournalStoreTests testDeleteNonExistentEntryDoesNothing]' started.
Test Case '-[SipCheckTests.JournalStoreTests testDeleteNonExistentEntryDoesNothing]' passed (0.002 seconds).
Test Case '-[SipCheckTests.JournalStoreTests testDeletePersists]' started.
Test Case '-[SipCheckTests.JournalStoreTests testDeletePersists]' passed (0.006 seconds).
Test Case '-[SipCheckTests.JournalStoreTests testFindMatch]' started.
Test Case '-[SipCheckTests.JournalStoreTests testFindMatch]' passed (0.008 seconds).
Test Case '-[SipCheckTests.JournalStoreTests testLoadFromCorruptFile]' started.
JournalStore: journal.json and backup both unreadable — starting empty
Test Case '-[SipCheckTests.JournalStoreTests testLoadFromCorruptFile]' passed (0.004 seconds).
Test Case '-[SipCheckTests.JournalStoreTests testLoadFromMissingFile]' started.
Test Case '-[SipCheckTests.JournalStoreTests testLoadFromMissingFile]' passed (0.001 seconds).
Test Case '-[SipCheckTests.JournalStoreTests testLovedEntries]' started.
Test Case '-[SipCheckTests.JournalStoreTests testLovedEntries]' passed (0.011 seconds).
Test Case '-[SipCheckTests.JournalStoreTests testPersistenceAcrossInstances]' started.
Test Case '-[SipCheckTests.JournalStoreTests testPersistenceAcrossInstances]' passed (0.002 seconds).
Test Case '-[SipCheckTests.JournalStoreTests testRatingClampedToRange]' started.
Test Case '-[SipCheckTests.JournalStoreTests testRatingClampedToRange]' passed (0.001 seconds).
Test Case '-[SipCheckTests.JournalStoreTests testRecentEntriesReturnsMaxFive]' started.
Test Case '-[SipCheckTests.JournalStoreTests testRecentEntriesReturnsMaxFive]' passed (0.002 seconds).
Test Case '-[SipCheckTests.JournalStoreTests testSeedDataMode]' started.
Test Case '-[SipCheckTests.JournalStoreTests testSeedDataMode]' passed (0.001 seconds).
Test Case '-[SipCheckTests.JournalStoreTests testUpdateEntry]' started.
Test Case '-[SipCheckTests.JournalStoreTests testUpdateEntry]' passed (0.001 seconds).
Test Suite 'JournalStoreTests' passed at 2026-07-31 02:57:40.737.
	 Executed 16 tests, with 0 failures (0 unexpected) in 0.053 (0.057) seconds
Test Suite 'PipelineIntegrationTests' started at 2026-07-31 02:57:40.737.
Test Case '-[SipCheckTests.PipelineIntegrationTests testBeerFactSourceRequiresHTTPSAndCatalogHostMatchesKind]' started.
Test Case '-[SipCheckTests.PipelineIntegrationTests testBeerFactSourceRequiresHTTPSAndCatalogHostMatchesKind]' passed (0.006 seconds).
Test Case '-[SipCheckTests.PipelineIntegrationTests testBrewerySearchIsNotCrowdedOutByProductNameMatches]' started.
Test Case '-[SipCheckTests.PipelineIntegrationTests testBrewerySearchIsNotCrowdedOutByProductNameMatches]' passed (0.002 seconds).
Test Case '-[SipCheckTests.PipelineIntegrationTests testCatalogMatchesNumericFrontMarkInsideOCRBlob]' started.
Test Case '-[SipCheckTests.PipelineIntegrationTests testCatalogMatchesNumericFrontMarkInsideOCRBlob]' passed (0.001 seconds).
Test Case '-[SipCheckTests.PipelineIntegrationTests testDiscoverySearchSupportsPartialProductAndBreweryNames]' started.
Test Case '-[SipCheckTests.PipelineIntegrationTests testDiscoverySearchSupportsPartialProductAndBreweryNames]' passed (0.001 seconds).
Test Case '-[SipCheckTests.PipelineIntegrationTests testEditingSourcedPrefillClearsOnlyTheRemoteScanLink]' started.
Test Case '-[SipCheckTests.PipelineIntegrationTests testEditingSourcedPrefillClearsOnlyTheRemoteScanLink]' passed (0.001 seconds).
Test Case '-[SipCheckTests.PipelineIntegrationTests testEnrichmentPolicySpendsOnlyOnUncertainScans]' started.
Test Case '-[SipCheckTests.PipelineIntegrationTests testEnrichmentPolicySpendsOnlyOnUncertainScans]' passed (0.030 seconds).
Test Case '-[SipCheckTests.PipelineIntegrationTests testFactOnlyEnrichmentGetsLocalVerdictCopy]' started.
Test Case '-[SipCheckTests.PipelineIntegrationTests testFactOnlyEnrichmentGetsLocalVerdictCopy]' passed (0.000 seconds).
Test Case '-[SipCheckTests.PipelineIntegrationTests testFoundationModelJSONUsesTheSharedStructuredParser]' started.
Test Case '-[SipCheckTests.PipelineIntegrationTests testFoundationModelJSONUsesTheSharedStructuredParser]' passed (0.001 seconds).
Test Case '-[SipCheckTests.PipelineIntegrationTests testFullPipelineEndToEnd]' started.
Test Case '-[SipCheckTests.PipelineIntegrationTests testFullPipelineEndToEnd]' passed (0.004 seconds).
Test Case '-[SipCheckTests.PipelineIntegrationTests testLiveScannerRegionStaysInsideCompactPhoneChrome]' started.
Test Case '-[SipCheckTests.PipelineIntegrationTests testLiveScannerRegionStaysInsideCompactPhoneChrome]' passed (0.000 seconds).
Test Case '-[SipCheckTests.PipelineIntegrationTests testLiveScannerTranscriptUsesVisualReadingOrder]' started.
Test Case '-[SipCheckTests.PipelineIntegrationTests testLiveScannerTranscriptUsesVisualReadingOrder]' passed (0.001 seconds).
Test Case '-[SipCheckTests.PipelineIntegrationTests testMenuParserHandlesTwoDecimalABVAndIgnoresDiscounts]' started.
Test Case '-[SipCheckTests.PipelineIntegrationTests testMenuParserHandlesTwoDecimalABVAndIgnoresDiscounts]' passed (0.001 seconds).
Test Case '-[SipCheckTests.PipelineIntegrationTests testMenuParserRanksOneWinnerAndKeepsRunnerUp]' started.
Test Case '-[SipCheckTests.PipelineIntegrationTests testMenuParserRanksOneWinnerAndKeepsRunnerUp]' passed (0.002 seconds).
Test Case '-[SipCheckTests.PipelineIntegrationTests testOlderScanLogEntryStillDecodesWithoutFoundationModelField]' started.
Test Case '-[SipCheckTests.PipelineIntegrationTests testOlderScanLogEntryStillDecodesWithoutFoundationModelField]' passed (0.035 seconds).
Test Case '-[SipCheckTests.PipelineIntegrationTests testOpenBeerPreferenceSearchOffersCuratedMatchesAndExactTypedFallback]' started.
Test Case '-[SipCheckTests.PipelineIntegrationTests testOpenBeerPreferenceSearchOffersCuratedMatchesAndExactTypedFallback]' passed (0.001 seconds).
Test Case '-[SipCheckTests.PipelineIntegrationTests testOpenBeerSearchAlwaysKeepsUnknownTypedName]' started.
Test Case '-[SipCheckTests.PipelineIntegrationTests testOpenBeerSearchAlwaysKeepsUnknownTypedName]' passed (0.001 seconds).
Test Case '-[SipCheckTests.PipelineIntegrationTests testPipelineConsistency]' started.
Test Case '-[SipCheckTests.PipelineIntegrationTests testPipelineConsistency]' passed (0.001 seconds).
Test Case '-[SipCheckTests.PipelineIntegrationTests testPrintedStyleDoesNotBorrowFactsFromFuzzyCatalogIdentity]' started.
Test Case '-[SipCheckTests.PipelineIntegrationTests testPrintedStyleDoesNotBorrowFactsFromFuzzyCatalogIdentity]' passed (0.004 seconds).
Test Case '-[SipCheckTests.PipelineIntegrationTests testRawTypedBeerDoesNotBorrowCatalogIdentity]' started.
Test Case '-[SipCheckTests.PipelineIntegrationTests testRawTypedBeerDoesNotBorrowCatalogIdentity]' passed (0.001 seconds).
Test Case '-[SipCheckTests.PipelineIntegrationTests testRecommendationSettlementNeutralizesOnlyUnreliableCameraEvidence]' started.
Test Case '-[SipCheckTests.PipelineIntegrationTests testRecommendationSettlementNeutralizesOnlyUnreliableCameraEvidence]' passed (0.001 seconds).
Test Case '-[SipCheckTests.PipelineIntegrationTests testSelectedRemoteBeerPreservesItsFactSourceThroughTypedResolution]' started.
Test Case '-[SipCheckTests.PipelineIntegrationTests testSelectedRemoteBeerPreservesItsFactSourceThroughTypedResolution]' passed (0.001 seconds).
Test Case '-[SipCheckTests.PipelineIntegrationTests testStyleInferenceDoesNotTreatHopIngredientsAsIPA]' started.
Test Case '-[SipCheckTests.PipelineIntegrationTests testStyleInferenceDoesNotTreatHopIngredientsAsIPA]' passed (0.001 seconds).
Test Case '-[SipCheckTests.PipelineIntegrationTests testTastePassportPresentationContracts]' started.
Test Case '-[SipCheckTests.PipelineIntegrationTests testTastePassportPresentationContracts]' passed (0.001 seconds).
Test Case '-[SipCheckTests.PipelineIntegrationTests testUnresolvedLabelNameHandlesFastOCRLogoNoise]' started.
Test Case '-[SipCheckTests.PipelineIntegrationTests testUnresolvedLabelNameHandlesFastOCRLogoNoise]' passed (0.002 seconds).
Test Case '-[SipCheckTests.PipelineIntegrationTests testUnresolvedLabelNamePrefersRepeatedBrandOverCountryCopy]' started.
Test Case '-[SipCheckTests.PipelineIntegrationTests testUnresolvedLabelNamePrefersRepeatedBrandOverCountryCopy]' passed (0.001 seconds).
Test Case '-[SipCheckTests.PipelineIntegrationTests testUnresolvedLabelNameRejectsCountryAsLegalCopyContinuation]' started.
Test Case '-[SipCheckTests.PipelineIntegrationTests testUnresolvedLabelNameRejectsCountryAsLegalCopyContinuation]' passed (0.001 seconds).
Test Case '-[SipCheckTests.PipelineIntegrationTests testUnresolvedLabelNameSkipsBottleCodesAndLegalCopy]' started.
Test Case '-[SipCheckTests.PipelineIntegrationTests testUnresolvedLabelNameSkipsBottleCodesAndLegalCopy]' passed (0.001 seconds).
Test Case '-[SipCheckTests.PipelineIntegrationTests testUnresolvedLabelNameSkipsGenericStyleAndFindsLogoName]' started.
Test Case '-[SipCheckTests.PipelineIntegrationTests testUnresolvedLabelNameSkipsGenericStyleAndFindsLogoName]' passed (0.001 seconds).
Test Case '-[SipCheckTests.PipelineIntegrationTests testVisibleRecommendationNeverFlipsDuringMetadataRefinement]' started.
Test Case '-[SipCheckTests.PipelineIntegrationTests testVisibleRecommendationNeverFlipsDuringMetadataRefinement]' passed (0.000 seconds).
Test Case '-[SipCheckTests.PipelineIntegrationTests testVisualIdentityRequiresANameBeforeAcceptingFacts]' started.
Test Case '-[SipCheckTests.PipelineIntegrationTests testVisualIdentityRequiresANameBeforeAcceptingFacts]' passed (0.001 seconds).
Test Suite 'PipelineIntegrationTests' passed at 2026-07-31 02:57:40.845.
	 Executed 30 tests, with 0 failures (0 unexpected) in 0.099 (0.108) seconds
Test Suite 'RecommendationArchetypeEvalTests' started at 2026-07-31 02:57:40.905.
Test Case '-[SipCheckTests.RecommendationArchetypeEvalTests testExplicitStayAwayBeatsExactPositiveHistory]' started.
Test Case '-[SipCheckTests.RecommendationArchetypeEvalTests testExplicitStayAwayBeatsExactPositiveHistory]' passed (0.001 seconds).
Test Case '-[SipCheckTests.RecommendationArchetypeEvalTests testTasteScorerMatchesNamedArchetypeOracles]' started.
Test Case '-[SipCheckTests.RecommendationArchetypeEvalTests testTasteScorerMatchesNamedArchetypeOracles]' passed (0.001 seconds).
Test Suite 'RecommendationArchetypeEvalTests' passed at 2026-07-31 02:57:40.908.
	 Executed 2 tests, with 0 failures (0 unexpected) in 0.002 (0.003) seconds
Test Suite 'ScanStoreTests' started at 2026-07-31 02:57:40.908.
Test Case '-[SipCheckTests.ScanStoreTests testAddScan]' started.
Test Case '-[SipCheckTests.ScanStoreTests testAddScan]' passed (0.015 seconds).
Test Case '-[SipCheckTests.ScanStoreTests testAddScanInsertsAtFront]' started.
Test Case '-[SipCheckTests.ScanStoreTests testAddScanInsertsAtFront]' passed (0.002 seconds).
Test Case '-[SipCheckTests.ScanStoreTests testAsyncDerivedMergePreservesNewerJournalAndPhotoState]' started.
Test Case '-[SipCheckTests.ScanStoreTests testAsyncDerivedMergePreservesNewerJournalAndPhotoState]' passed (0.002 seconds).
Test Case '-[SipCheckTests.ScanStoreTests testCloudKitBrandBackfillPreservesNewerRemoteState]' started.
Test Case '-[SipCheckTests.ScanStoreTests testCloudKitBrandBackfillPreservesNewerRemoteState]' passed (0.002 seconds).
Test Case '-[SipCheckTests.ScanStoreTests testCloudKitBrandBackfillRejectsChangedRemoteIdentity]' started.
Test Case '-[SipCheckTests.ScanStoreTests testCloudKitBrandBackfillRejectsChangedRemoteIdentity]' passed (0.001 seconds).
Test Case '-[SipCheckTests.ScanStoreTests testCloudKitMetadataCodecDecodesOldV2PayloadWithoutReferenceImage]' started.
Test Case '-[SipCheckTests.ScanStoreTests testCloudKitMetadataCodecDecodesOldV2PayloadWithoutReferenceImage]' passed (0.006 seconds).
Test Case '-[SipCheckTests.ScanStoreTests testCloudKitMetadataCodecPreservesLegacyAndMalformedOrigins]' started.
Test Case '-[SipCheckTests.ScanStoreTests testCloudKitMetadataCodecPreservesLegacyAndMalformedOrigins]' passed (0.001 seconds).
Test Case '-[SipCheckTests.ScanStoreTests testCloudKitMetadataCodecRoundTripsBrandWithoutSchemaChange]' started.
Test Case '-[SipCheckTests.ScanStoreTests testCloudKitMetadataCodecRoundTripsBrandWithoutSchemaChange]' passed (0.005 seconds).
Test Case '-[SipCheckTests.ScanStoreTests testCloudKitMetadataCodecRoundTripsSourceAndOriginWithoutNewFields]' started.
Test Case '-[SipCheckTests.ScanStoreTests testCloudKitMetadataCodecRoundTripsSourceAndOriginWithoutNewFields]' passed (0.001 seconds).
Test Case '-[SipCheckTests.ScanStoreTests testCloudKitMetadataCodecRoundTripsWebSourceWithoutOrigin]' started.
Test Case '-[SipCheckTests.ScanStoreTests testCloudKitMetadataCodecRoundTripsWebSourceWithoutOrigin]' passed (0.003 seconds).
Test Case '-[SipCheckTests.ScanStoreTests testDeleteNonExistentScanDoesNothing]' started.
Test Case '-[SipCheckTests.ScanStoreTests testDeleteNonExistentScanDoesNothing]' passed (0.001 seconds).
Test Case '-[SipCheckTests.ScanStoreTests testDeletePersists]' started.
Test Case '-[SipCheckTests.ScanStoreTests testDeletePersists]' passed (0.005 seconds).
Test Case '-[SipCheckTests.ScanStoreTests testDeleteScan]' started.
Test Case '-[SipCheckTests.ScanStoreTests testDeleteScan]' passed (0.002 seconds).
Test Case '-[SipCheckTests.ScanStoreTests testFindMatch]' started.
Test Case '-[SipCheckTests.ScanStoreTests testFindMatch]' passed (0.007 seconds).
Test Case '-[SipCheckTests.ScanStoreTests testLegacyAndMalformedFactSourcesDoNotDiscardScan]' started.
Test Case '-[SipCheckTests.ScanStoreTests testLegacyAndMalformedFactSourcesDoNotDiscardScan]' passed (0.002 seconds).
Test Case '-[SipCheckTests.ScanStoreTests testLoadFromCorruptFile]' started.
ScanStore: scans.json and backup both unreadable — starting empty
Test Case '-[SipCheckTests.ScanStoreTests testLoadFromCorruptFile]' passed (0.002 seconds).
Test Case '-[SipCheckTests.ScanStoreTests testLoadFromMissingFile]' started.
Test Case '-[SipCheckTests.ScanStoreTests testLoadFromMissingFile]' passed (0.001 seconds).
Test Case '-[SipCheckTests.ScanStoreTests testMalformedOptionalV2ReferencePreservesOtherMetadata]' started.
Test Case '-[SipCheckTests.ScanStoreTests testMalformedOptionalV2ReferencePreservesOtherMetadata]' passed (0.001 seconds).
Test Case '-[SipCheckTests.ScanStoreTests testMarkTriedClearsExactWantToTryDuplicatesAndLinksSource]' started.
Test Case '-[SipCheckTests.ScanStoreTests testMarkTriedClearsExactWantToTryDuplicatesAndLinksSource]' passed (0.002 seconds).
Test Case '-[SipCheckTests.ScanStoreTests testMarkTriedDoesNotClearSameNameFromAnotherBrewery]' started.
Test Case '-[SipCheckTests.ScanStoreTests testMarkTriedDoesNotClearSameNameFromAnotherBrewery]' passed (0.002 seconds).
Test Case '-[SipCheckTests.ScanStoreTests testPersistenceAcrossInstances]' started.
Test Case '-[SipCheckTests.ScanStoreTests testPersistenceAcrossInstances]' passed (0.002 seconds).
Test Case '-[SipCheckTests.ScanStoreTests testRecentScansReturnsMaxFive]' started.
Test Case '-[SipCheckTests.ScanStoreTests testRecentScansReturnsMaxFive]' passed (0.002 seconds).
Test Case '-[SipCheckTests.ScanStoreTests testReferenceArtworkURLRejectsPrivateAndWildcardDNSHosts]' started.
Test Case '-[SipCheckTests.ScanStoreTests testReferenceArtworkURLRejectsPrivateAndWildcardDNSHosts]' passed (0.003 seconds).
Test Case '-[SipCheckTests.ScanStoreTests testRemoteMergeCarriesFactSource]' started.
Test Case '-[SipCheckTests.ScanStoreTests testRemoteMergeCarriesFactSource]' passed (0.011 seconds).
Test Case '-[SipCheckTests.ScanStoreTests testRemoteMergeDoesNotEraseLocalFactSource]' started.
Test Case '-[SipCheckTests.ScanStoreTests testRemoteMergeDoesNotEraseLocalFactSource]' passed (0.002 seconds).
Test Case '-[SipCheckTests.ScanStoreTests testRemoteMergePreservesLocalOnlyPhotoAndBrand]' started.
Test Case '-[SipCheckTests.ScanStoreTests testRemoteMergePreservesLocalOnlyPhotoAndBrand]' passed (0.002 seconds).
Test Case '-[SipCheckTests.ScanStoreTests testSeedDataMode]' started.
Test Case '-[SipCheckTests.ScanStoreTests testSeedDataMode]' passed (0.001 seconds).
Test Case '-[SipCheckTests.ScanStoreTests testUpdateScan]' started.
Test Case '-[SipCheckTests.ScanStoreTests testUpdateScan]' passed (0.001 seconds).
Test Case '-[SipCheckTests.ScanStoreTests testVerdictRawValues]' started.
Test Case '-[SipCheckTests.ScanStoreTests testVerdictRawValues]' passed (0.001 seconds).
Test Case '-[SipCheckTests.ScanStoreTests testWantToTryScans]' started.
Test Case '-[SipCheckTests.ScanStoreTests testWantToTryScans]' passed (0.002 seconds).
Test Suite 'ScanStoreTests' passed at 2026-07-31 02:57:41.093.
	 Executed 30 tests, with 0 failures (0 unexpected) in 0.089 (0.185) seconds
Test Suite 'ScanningPipelineTests' started at 2026-07-31 02:57:41.093.
Test Case '-[SipCheckTests.ScanningPipelineTests testMockBeerInfoFields]' started.
Test Case '-[SipCheckTests.ScanningPipelineTests testMockBeerInfoFields]' passed (0.001 seconds).
Test Case '-[SipCheckTests.ScanningPipelineTests testMockModeReturnsFixedResult]' started.
Test Case '-[SipCheckTests.ScanningPipelineTests testMockModeReturnsFixedResult]' passed (0.001 seconds).
Test Case '-[SipCheckTests.ScanningPipelineTests testScanResultHasLatency]' started.
Test Case '-[SipCheckTests.ScanningPipelineTests testScanResultHasLatency]' passed (0.001 seconds).
Test Suite 'ScanningPipelineTests' passed at 2026-07-31 02:57:41.097.
	 Executed 3 tests, with 0 failures (0 unexpected) in 0.003 (0.003) seconds
Test Suite 'StoreIntegrationTests' started at 2026-07-31 02:57:41.097.
Test Case '-[SipCheckTests.StoreIntegrationTests testAddThenFind]' started.
Test Case '-[SipCheckTests.StoreIntegrationTests testAddThenFind]' passed (0.004 seconds).
Test Case '-[SipCheckTests.StoreIntegrationTests testConcurrentWrites]' started.
Test Case '-[SipCheckTests.StoreIntegrationTests testConcurrentWrites]' passed (0.004 seconds).
Test Case '-[SipCheckTests.StoreIntegrationTests testPersistAcrossInstances]' started.
Test Case '-[SipCheckTests.StoreIntegrationTests testPersistAcrossInstances]' passed (0.002 seconds).
Test Suite 'StoreIntegrationTests' passed at 2026-07-31 02:57:41.109.
	 Executed 3 tests, with 0 failures (0 unexpected) in 0.011 (0.012) seconds
Test Suite 'TasteScorerSeedTests' started at 2026-07-31 02:57:41.109.
Test Case '-[SipCheckTests.TasteScorerSeedTests testAddingDislikeCannotSoftenQuizDislike]' started.
Test Case '-[SipCheckTests.TasteScorerSeedTests testAddingDislikeCannotSoftenQuizDislike]' passed (0.001 seconds).
Test Case '-[SipCheckTests.TasteScorerSeedTests testAddingDislikeNeverRaisesRecommendation]' started.
Test Case '-[SipCheckTests.TasteScorerSeedTests testAddingDislikeNeverRaisesRecommendation]' passed (0.001 seconds).
Test Case '-[SipCheckTests.TasteScorerSeedTests testAddingPositiveRatingNeverLowersGoToRecommendation]' started.
Test Case '-[SipCheckTests.TasteScorerSeedTests testAddingPositiveRatingNeverLowersGoToRecommendation]' passed (0.001 seconds).
Test Case '-[SipCheckTests.TasteScorerSeedTests testAvoidSeededStyleIsSkipItWithSteerClearReason]' started.
Test Case '-[SipCheckTests.TasteScorerSeedTests testAvoidSeededStyleIsSkipItWithSteerClearReason]' passed (0.000 seconds).
Test Case '-[SipCheckTests.TasteScorerSeedTests testAvoidWinsWhenStyleIsAlsoGoTo]' started.
Test Case '-[SipCheckTests.TasteScorerSeedTests testAvoidWinsWhenStyleIsAlsoGoTo]' passed (0.000 seconds).
Test Case '-[SipCheckTests.TasteScorerSeedTests testAvoidWinsWhenStyleIsAlsoSeeded]' started.
Test Case '-[SipCheckTests.TasteScorerSeedTests testAvoidWinsWhenStyleIsAlsoSeeded]' passed (0.000 seconds).
Test Case '-[SipCheckTests.TasteScorerSeedTests testCautiousLightLagerLoyalistDoesNotTreatPaleAleAsAdjacent]' started.
Test Case '-[SipCheckTests.TasteScorerSeedTests testCautiousLightLagerLoyalistDoesNotTreatPaleAleAsAdjacent]' passed (0.001 seconds).
Test Case '-[SipCheckTests.TasteScorerSeedTests testDarkMaltRegularTriesPorterAndSkipsDistantStyles]' started.
Test Case '-[SipCheckTests.TasteScorerSeedTests testDarkMaltRegularTriesPorterAndSkipsDistantStyles]' passed (0.001 seconds).
Test Case '-[SipCheckTests.TasteScorerSeedTests testEmptyAvoidAndGoToLeaveScoresUnchanged]' started.
Test Case '-[SipCheckTests.TasteScorerSeedTests testEmptyAvoidAndGoToLeaveScoresUnchanged]' passed (0.001 seconds).
Test Case '-[SipCheckTests.TasteScorerSeedTests testEveryOnboardingBeerMapsToAColdStartStyle]' started.
Test Case '-[SipCheckTests.TasteScorerSeedTests testEveryOnboardingBeerMapsToAColdStartStyle]' passed (0.001 seconds).
Test Case '-[SipCheckTests.TasteScorerSeedTests testExactHistoryDoesNotCrossSameNameBreweries]' started.
Test Case '-[SipCheckTests.TasteScorerSeedTests testExactHistoryDoesNotCrossSameNameBreweries]' passed (0.002 seconds).
Test Case '-[SipCheckTests.TasteScorerSeedTests testExactLikeCannotOverrideExplicitStayAwayStyle]' started.
Test Case '-[SipCheckTests.TasteScorerSeedTests testExactLikeCannotOverrideExplicitStayAwayStyle]' passed (0.001 seconds).
Test Case '-[SipCheckTests.TasteScorerSeedTests testExactPriorRatingOverridesAggregateStyleVerdict]' started.
Test Case '-[SipCheckTests.TasteScorerSeedTests testExactPriorRatingOverridesAggregateStyleVerdict]' passed (0.000 seconds).
Test Case '-[SipCheckTests.TasteScorerSeedTests testFamiliarityFirstLagerLoyalistTriesAdjacentPilsnerAndSkipsSour]' started.
Test Case '-[SipCheckTests.TasteScorerSeedTests testFamiliarityFirstLagerLoyalistTriesAdjacentPilsnerAndSkipsSour]' passed (0.001 seconds).
Test Case '-[SipCheckTests.TasteScorerSeedTests testGoToStyleScoresTryIt]' started.
Test Case '-[SipCheckTests.TasteScorerSeedTests testGoToStyleScoresTryIt]' passed (0.001 seconds).
Test Case '-[SipCheckTests.TasteScorerSeedTests testHistoricalDislikesStillWinWhenTheyOutnumberLikes]' started.
Test Case '-[SipCheckTests.TasteScorerSeedTests testHistoricalDislikesStillWinWhenTheyOutnumberLikes]' passed (0.001 seconds).
Test Case '-[SipCheckTests.TasteScorerSeedTests testHistoricalStyleAliasesContributeToRecommendations]' started.
Test Case '-[SipCheckTests.TasteScorerSeedTests testHistoricalStyleAliasesContributeToRecommendations]' passed (0.001 seconds).
Test Case '-[SipCheckTests.TasteScorerSeedTests testManyLikesOutweighOneHistoricalDislike]' started.
Test Case '-[SipCheckTests.TasteScorerSeedTests testManyLikesOutweighOneHistoricalDislike]' passed (0.001 seconds).
Test Case '-[SipCheckTests.TasteScorerSeedTests testNamedGoToBeerGetsExplicitGoToWeight]' started.
Test Case '-[SipCheckTests.TasteScorerSeedTests testNamedGoToBeerGetsExplicitGoToWeight]' passed (0.015 seconds).
Test Case '-[SipCheckTests.TasteScorerSeedTests testNamedPreferenceDoesNotFuzzyMatchAnotherBeer]' started.
Test Case '-[SipCheckTests.TasteScorerSeedTests testNamedPreferenceDoesNotFuzzyMatchAnotherBeer]' passed (0.001 seconds).
Test Case '-[SipCheckTests.TasteScorerSeedTests testNamedPreferencesPersistImmediatelyAndRoundTripNamesContainingCommas]' started.
Test Case '-[SipCheckTests.TasteScorerSeedTests testNamedPreferencesPersistImmediatelyAndRoundTripNamesContainingCommas]' passed (0.015 seconds).
Test Case '-[SipCheckTests.TasteScorerSeedTests testNewlyResolvedSourReScoresUnknownVerdictForLagerLoyalist]' started.
Test Case '-[SipCheckTests.TasteScorerSeedTests testNewlyResolvedSourReScoresUnknownVerdictForLagerLoyalist]' passed (0.001 seconds).
Test Case '-[SipCheckTests.TasteScorerSeedTests testOnboardingBeerConflictsUseResolvedStyle]' started.
Test Case '-[SipCheckTests.TasteScorerSeedTests testOnboardingBeerConflictsUseResolvedStyle]' passed (0.009 seconds).
Test Case '-[SipCheckTests.TasteScorerSeedTests testOverlappingGoToRemainsAvailableForEditingWhileAvoidWinsScoring]' started.
Test Case '-[SipCheckTests.TasteScorerSeedTests testOverlappingGoToRemainsAvailableForEditingWhileAvoidWinsScoring]' passed (0.005 seconds).
Test Case '-[SipCheckTests.TasteScorerSeedTests testPreferenceStyleResolutionNeverUsesFuzzyOrAmbiguousCatalogFacts]' started.
Test Case '-[SipCheckTests.TasteScorerSeedTests testPreferenceStyleResolutionNeverUsesFuzzyOrAmbiguousCatalogFacts]' passed (0.002 seconds).
Test Case '-[SipCheckTests.TasteScorerSeedTests testQuizDislikeRanksAheadOfAvoidSeed]' started.
Test Case '-[SipCheckTests.TasteScorerSeedTests testQuizDislikeRanksAheadOfAvoidSeed]' passed (0.000 seconds).
Test Case '-[SipCheckTests.TasteScorerSeedTests testRatedLikeHistoryDoesNotSoftenHardAvoidSeed]' started.
Test Case '-[SipCheckTests.TasteScorerSeedTests testRatedLikeHistoryDoesNotSoftenHardAvoidSeed]' passed (0.001 seconds).
Test Case '-[SipCheckTests.TasteScorerSeedTests testSaveAvoidSelectionsPreservesTypedChannelsAndExplicitEmpties]' started.
Test Case '-[SipCheckTests.TasteScorerSeedTests testSaveAvoidSelectionsPreservesTypedChannelsAndExplicitEmpties]' passed (0.012 seconds).
Test Case '-[SipCheckTests.TasteScorerSeedTests testSourPreferenceIsIndependentFromGenericAdventure]' started.
Test Case '-[SipCheckTests.TasteScorerSeedTests testSourPreferenceIsIndependentFromGenericAdventure]' passed (0.001 seconds).
Test Case '-[SipCheckTests.TasteScorerSeedTests testSparseHistoryDoesNotCreateConfidentDistantStyleRejection]' started.
Test Case '-[SipCheckTests.TasteScorerSeedTests testSparseHistoryDoesNotCreateConfidentDistantStyleRejection]' passed (0.000 seconds).
Test Case '-[SipCheckTests.TasteScorerSeedTests testUnknownNamedGoToIsActionableWithoutCatalogFacts]' started.
Test Case '-[SipCheckTests.TasteScorerSeedTests testUnknownNamedGoToIsActionableWithoutCatalogFacts]' passed (0.001 seconds).
Test Case '-[SipCheckTests.TasteScorerSeedTests testUnknownNamedStayAwayBeatsExactHistoricalLike]' started.
Test Case '-[SipCheckTests.TasteScorerSeedTests testUnknownNamedStayAwayBeatsExactHistoricalLike]' passed (0.013 seconds).
Test Case '-[SipCheckTests.TasteScorerSeedTests testUntrustedNameCannotApplyExactHistoryOverride]' started.
Test Case '-[SipCheckTests.TasteScorerSeedTests testUntrustedNameCannotApplyExactHistoryOverride]' passed (0.000 seconds).
Test Case '-[SipCheckTests.TasteScorerSeedTests testVibeDoesNotCancelAvoidSeed]' started.
Test Case '-[SipCheckTests.TasteScorerSeedTests testVibeDoesNotCancelAvoidSeed]' passed (0.001 seconds).
Test Suite 'TasteScorerSeedTests' passed at 2026-07-31 02:57:41.347.
	 Executed 34 tests, with 0 failures (0 unexpected) in 0.088 (0.238) seconds
Test Suite 'SipCheckTests.xctest' passed at 2026-07-31 02:57:41.347.
	 Executed 196 tests, with 0 failures (0 unexpected) in 0.685 (1.460) seconds
Test Suite 'All tests' passed at 2026-07-31 02:57:41.347.
	 Executed 196 tests, with 0 failures (0 unexpected) in 0.685 (1.461) seconds
2026-07-31 02:57:43.245326+0000 SipCheckUITests-Runner[19269:57137] [Default] Running tests...
    t =      nans Interface orientation changed to Portrait
Test Suite 'All tests' started at 2026-07-31 02:57:48.745.
Test Suite 'SipCheckUITests.xctest' started at 2026-07-31 02:57:48.745.
Test Suite 'SipCheckUITests' started at 2026-07-31 02:57:48.745.
Test Case '-[SipCheckUITests.SipCheckUITests testCapturedPhotoWinsOverProductArtworkOnTastePassport]' started.
    t =     0.00s Start Test at 2026-07-31 02:57:48.746
    t =     0.82s Set Up
    t =     0.82s     Open com.rishishah.sipcheck
    t =     0.82s         Launch com.rishishah.sipcheck
    t =     1.48s             Setting up automation session
    t =     3.22s             Wait for com.rishishah.sipcheck to idle
    t =     5.20s Terminate com.rishishah.sipcheck:19538
    t =     6.23s Open com.rishishah.sipcheck
    t =     6.23s     Launch com.rishishah.sipcheck
    t =     6.47s         Setting up automation session
    t =     7.81s         Wait for com.rishishah.sipcheck to idle
    t =     9.70s Waiting 5.0s for "tastePassportArtwork" Any to exist
    t =    10.75s     Checking `Expect predicate `existsNoRetry == 1` for object "tastePassportArtwork" Any`
    t =    10.76s         Checking existence of `"tastePassportArtwork" Any`
    t =    10.96s Find the "tastePassportArtwork" Any
    t =    11.00s Waiting 5.0s for "verdictText" Any to exist
    t =    12.06s     Checking `Expect predicate `existsNoRetry == 1` for object "verdictText" Any`
    t =    12.06s         Checking existence of `"verdictText" Any`
    t =    12.10s Find the "verdictText" Any
    t =    12.14s Find the "verdictText" Other
    t =    12.20s Find the "tastePassportArtwork" Other
    t =    12.22s Find the Target Application 'com.rishishah.sipcheck'
    t =    12.25s Find the "verdictText" Other
    t =    12.28s Waiting 3.0s for "tastePassportWhyReason" Any to exist
    t =    13.32s     Checking `Expect predicate `existsNoRetry == 1` for object "tastePassportWhyReason" Any`
    t =    13.33s         Checking existence of `"tastePassportWhyReason" Any`
    t =    13.37s Find the "tastePassportWhyReason" Any
    t =    13.41s Get number of matches for: Elements matching predicate 'label CONTAINS[c] "near your usual"'
    t =    13.44s Checking existence of `"Closest memories" StaticText`
    t =    13.63s Added attachment named '01-captured-photo-taste-passport'
    t =    13.63s Tear Down
Test Case '-[SipCheckUITests.SipCheckUITests testCapturedPhotoWinsOverProductArtworkOnTastePassport]' passed (13.969 seconds).
Test Case '-[SipCheckUITests.SipCheckUITests testJournalEditAndDeleteImmediatelyUpdateVerdictHistory]' started.
    t =     0.00s Start Test at 2026-07-31 02:58:02.716
    t =     0.03s Set Up
    t =     0.03s     Open com.rishishah.sipcheck
    t =     0.03s         Launch com.rishishah.sipcheck
    t =     0.03s             Terminate com.rishishah.sipcheck:19756
    t =     1.77s             Setting up automation session
    t =     2.69s             Wait for com.rishishah.sipcheck to idle
    t =     4.28s Tap "Journal" Button
    t =     4.28s     Wait for com.rishishah.sipcheck to idle
    t =     4.28s     Find the "Journal" Button
    t =     4.36s     Check for interrupting elements affecting "Journal" Button
    t =     4.43s     Synthesize event
    t =     4.90s     Wait for com.rishishah.sipcheck to idle
    t =     6.01s Waiting 3.0s for StaticText (First Match) to exist
    t =     7.02s     Checking `Expect predicate `existsNoRetry == 1` for object StaticText (First Match)`
    t =     7.02s         Checking existence of `StaticText (First Match)`
    t =     7.11s Tap StaticText (First Match)
    t =     7.11s     Wait for com.rishishah.sipcheck to idle
    t =     7.12s     Find the StaticText (First Match)
    t =     7.21s     Check for interrupting elements affecting "Sierra Nevada Pale Ale" StaticText
    t =     7.24s     Synthesize event
    t =     7.53s     Wait for com.rishishah.sipcheck to idle
    t =     7.69s Waiting 3.0s for "detailStar_1" Button to exist
    t =     8.69s     Checking `Expect predicate `existsNoRetry == 1` for object "detailStar_1" Button`
    t =     8.69s         Checking existence of `"detailStar_1" Button`
    t =     8.81s Tap "detailStar_1" Button
    t =     8.81s     Wait for com.rishishah.sipcheck to idle
    t =     8.81s     Find the "detailStar_1" Button
    t =     9.01s     Check for interrupting elements affecting "detailStar_1" Button
    t =     9.14s     Synthesize event
    t =     9.46s     Wait for com.rishishah.sipcheck to idle
    t =     9.46s Tap "Save" Button
    t =     9.46s     Wait for com.rishishah.sipcheck to idle
    t =     9.46s     Find the "Save" Button
    t =     9.52s     Check for interrupting elements affecting "Save" Button
    t =     9.56s     Synthesize event
    t =     9.85s     Wait for com.rishishah.sipcheck to idle
    t =    10.27s Waiting 3.0s for "My Beers" StaticText to exist
    t =    11.29s     Checking `Expect predicate `existsNoRetry == 1` for object "My Beers" StaticText`
    t =    11.29s         Checking existence of `"My Beers" StaticText`
    t =    11.32s Tap "Check" Button
    t =    11.32s     Wait for com.rishishah.sipcheck to idle
    t =    11.32s     Find the "Check" Button
    t =    11.35s     Check for interrupting elements affecting "camera.viewfinder" Button
    t =    11.38s     Synthesize event
    t =    11.67s     Wait for com.rishishah.sipcheck to idle
    t =    13.15s Waiting 5.0s for "Enter beer name" Button to exist
    t =    14.17s     Checking `Expect predicate `existsNoRetry == 1` for object "Enter beer name" Button`
    t =    14.17s         Checking existence of `"Enter beer name" Button`
    t =    14.20s Tap "Enter beer name" Button
    t =    14.20s     Wait for com.rishishah.sipcheck to idle
    t =    14.20s     Find the "Enter beer name" Button
    t =    14.22s     Check for interrupting elements affecting "enterTextButton" Button
    t =    14.24s     Synthesize event
    t =    14.53s     Wait for com.rishishah.sipcheck to idle
    t =    15.45s Waiting 5.0s for TextField (First Match) to exist
    t =    16.46s     Checking `Expect predicate `existsNoRetry == 1` for object TextField (First Match)`
    t =    16.46s         Checking existence of `TextField (First Match)`
    t =    16.76s Tap TextField (First Match)
    t =    16.76s     Wait for com.rishishah.sipcheck to idle
    t =    16.78s     Find the TextField (First Match)
    t =    17.12s     Check for interrupting elements affecting "beerTextInput" TextField
    t =    17.25s     Synthesize event
    t =    17.60s     Wait for com.rishishah.sipcheck to idle
    t =    17.60s Type 'Sierra Nevada Pale...' into "beerTextInput" TextField
    t =    17.60s     Wait for com.rishishah.sipcheck to idle
    t =    17.60s     Find the "beerTextInput" TextField
    t =    17.83s     Check for interrupting elements affecting "beerTextInput" TextField
    t =    17.94s     Synthesize event
    t =    18.51s     Wait for com.rishishah.sipcheck to idle
    t =    18.51s Waiting 3.0s for "suggestionRow_0" Button to exist
    t =    19.56s     Checking `Expect predicate `existsNoRetry == 1` for object "suggestionRow_0" Button`
    t =    19.56s         Checking existence of `"suggestionRow_0" Button`
    t =    19.62s Tap "suggestionRow_0" Button
    t =    19.62s     Wait for com.rishishah.sipcheck to idle
    t =    19.62s     Find the "suggestionRow_0" Button
    t =    19.68s     Check for interrupting elements affecting "suggestionRow_0" Button
    t =    19.76s     Synthesize event
    t =    20.11s     Wait for com.rishishah.sipcheck to idle
    t =    21.78s Waiting 10.0s for "alreadyTriedBanner" Any to exist
    t =    22.85s     Checking `Expect predicate `existsNoRetry == 1` for object "alreadyTriedBanner" Any`
    t =    22.85s         Checking existence of `"alreadyTriedBanner" Any`
    t =    22.90s Find the "alreadyTriedBanner" Any
    t =    23.05s Added attachment named '01-journal-rating-wins'
    t =    23.05s Tap "Journal" Button
    t =    23.05s     Wait for com.rishishah.sipcheck to idle
    t =    23.05s     Find the "Journal" Button
    t =    23.09s     Check for interrupting elements affecting "book.closed" Button
    t =    23.13s     Synthesize event
    t =    23.43s     Wait for com.rishishah.sipcheck to idle
    t =    24.91s Waiting 3.0s for StaticText (First Match) to exist
    t =    25.93s     Checking `Expect predicate `existsNoRetry == 1` for object StaticText (First Match)`
    t =    25.93s         Checking existence of `StaticText (First Match)`
    t =    26.06s Tap StaticText (First Match)
    t =    26.06s     Wait for com.rishishah.sipcheck to idle
    t =    26.06s     Find the StaticText (First Match)
    t =    26.21s     Check for interrupting elements affecting "Sierra Nevada Pale Ale" StaticText
    t =    26.25s     Synthesize event
    t =    26.55s     Wait for com.rishishah.sipcheck to idle
    t =    27.33s Waiting 3.0s for "detailDelete" Button to exist
    t =    28.38s     Checking `Expect predicate `existsNoRetry == 1` for object "detailDelete" Button`
    t =    28.38s         Checking existence of `"detailDelete" Button`
    t =    28.44s Tap "detailDelete" Button
    t =    28.44s     Wait for com.rishishah.sipcheck to idle
    t =    28.45s     Find the "detailDelete" Button
    t =    28.50s     Check for interrupting elements affecting "detailDelete" Button
    t =    28.54s     Synthesize event
    t =    28.83s     Wait for com.rishishah.sipcheck to idle
    t =    28.91s Waiting 3.0s for "Delete" Button to exist
    t =    29.95s     Checking `Expect predicate `existsNoRetry == 1` for object "Delete" Button`
    t =    29.95s         Checking existence of `"Delete" Button`
    t =    30.02s Tap "Delete" Button
    t =    30.02s     Wait for com.rishishah.sipcheck to idle
    t =    30.02s     Find the "Delete" Button
    t =    30.10s     Check for interrupting elements affecting "Delete" Button
    t =    30.16s     Synthesize event
    t =    30.46s     Wait for com.rishishah.sipcheck to idle
    t =    30.82s Waiting 3.0s for "My Beers" StaticText to exist
    t =    31.85s     Checking `Expect predicate `existsNoRetry == 1` for object "My Beers" StaticText`
    t =    31.85s         Checking existence of `"My Beers" StaticText`
    t =    31.88s Checking existence of `StaticText (First Match)`
    t =    31.96s Tap "Check" Button
    t =    31.96s     Wait for com.rishishah.sipcheck to idle
    t =    31.96s     Find the "Check" Button
    t =    31.99s     Check for interrupting elements affecting "camera.viewfinder" Button
    t =    32.02s     Synthesize event
    t =    32.33s     Wait for com.rishishah.sipcheck to idle
    t =    33.76s Waiting 3.0s for "Sierra Nevada Pale Ale" StaticText to exist
    t =    34.77s     Checking `Expect predicate `existsNoRetry == 1` for object "Sierra Nevada Pale Ale" StaticText`
    t =    34.77s         Checking existence of `"Sierra Nevada Pale Ale" StaticText`
    t =    34.92s Tap "Scan Another" Button
    t =    34.92s     Wait for com.rishishah.sipcheck to idle
    t =    34.93s     Find the "Scan Another" Button
    t =    34.98s     Check for interrupting elements affecting "scanAnother" Button
    t =    35.02s     Synthesize event
    t =    35.03s         Scroll element to visible
    t =    35.04s         Find the "scanAnother" Button
    t =    35.11s         Computed hit point {187.75, 442} after scrolling to visible
    t =    35.40s     Wait for com.rishishah.sipcheck to idle
    t =    36.95s Waiting 5.0s for "Enter beer name" Button to exist
    t =    37.95s     Checking `Expect predicate `existsNoRetry == 1` for object "Enter beer name" Button`
    t =    37.95s         Checking existence of `"Enter beer name" Button`
    t =    37.98s Tap "Enter beer name" Button
    t =    37.98s     Wait for com.rishishah.sipcheck to idle
    t =    37.98s     Find the "Enter beer name" Button
    t =    38.01s     Check for interrupting elements affecting "enterTextButton" Button
    t =    38.05s     Synthesize event
    t =    38.35s     Wait for com.rishishah.sipcheck to idle
    t =    39.96s Waiting 5.0s for TextField (First Match) to exist
    t =    41.00s     Checking `Expect predicate `existsNoRetry == 1` for object TextField (First Match)`
    t =    41.00s         Checking existence of `TextField (First Match)`
    t =    41.15s Tap TextField (First Match)
    t =    41.15s     Wait for com.rishishah.sipcheck to idle
    t =    41.15s     Find the TextField (First Match)
    t =    41.30s     Check for interrupting elements affecting "beerTextInput" TextField
    t =    41.34s     Synthesize event
    t =    41.63s     Wait for com.rishishah.sipcheck to idle
    t =    41.63s Type 'Sierra Nevada Pale...' into "beerTextInput" TextField
    t =    41.63s     Wait for com.rishishah.sipcheck to idle
    t =    41.63s     Find the "beerTextInput" TextField
    t =    41.90s     Check for interrupting elements affecting "beerTextInput" TextField
    t =    41.97s     Synthesize event
    t =    42.54s     Wait for com.rishishah.sipcheck to idle
    t =    42.55s Waiting 3.0s for "suggestionRow_0" Button to exist
    t =    43.58s     Checking `Expect predicate `existsNoRetry == 1` for object "suggestionRow_0" Button`
    t =    43.58s         Checking existence of `"suggestionRow_0" Button`
    t =    43.65s Tap "suggestionRow_0" Button
    t =    43.65s     Wait for com.rishishah.sipcheck to idle
    t =    43.65s     Find the "suggestionRow_0" Button
    t =    43.70s     Check for interrupting elements affecting "suggestionRow_0" Button
    t =    43.75s     Synthesize event
    t =    44.05s     Wait for com.rishishah.sipcheck to idle
    t =    45.76s Waiting 10.0s for "Sierra Nevada Pale Ale" StaticText to exist
    t =    46.79s     Checking `Expect predicate `existsNoRetry == 1` for object "Sierra Nevada Pale Ale" StaticText`
    t =    46.79s         Checking existence of `"Sierra Nevada Pale Ale" StaticText`
    t =    46.85s Waiting 2.0s for "alreadyTriedBanner" Any to exist
    t =    47.85s     Checking `Expect predicate `existsNoRetry == 1` for object "alreadyTriedBanner" Any`
    t =    47.85s         Checking existence of `"alreadyTriedBanner" Any`
    t =    47.88s         Capturing element debug description
    t =    48.85s     Checking `Expect predicate `existsNoRetry == 1` for object "alreadyTriedBanner" Any`
    t =    48.85s         Checking existence of `"alreadyTriedBanner" Any`
    t =    48.91s         Capturing element debug description
    t =    48.91s     Checking existence of `"alreadyTriedBanner" Any`
    t =    48.96s Collecting debug information to assist test failure triage
    t =    48.96s     Requesting snapshot of accessibility hierarchy for app with pid 20199
    t =    49.09s Added attachment named '02-deleted-history-stays-deleted'
    t =    49.09s Tear Down
Test Case '-[SipCheckUITests.SipCheckUITests testJournalEditAndDeleteImmediatelyUpdateVerdictHistory]' passed (49.400 seconds).
Test Case '-[SipCheckUITests.SipCheckUITests testJournalEditPersistsAfterRelaunch]' started.
    t =     0.00s Start Test at 2026-07-31 02:58:52.117
    t =     0.07s Set Up
    t =     0.07s     Open com.rishishah.sipcheck
    t =     0.07s         Launch com.rishishah.sipcheck
    t =     0.07s             Terminate com.rishishah.sipcheck:20199
    t =     1.84s             Setting up automation session
    t =     3.74s             Wait for com.rishishah.sipcheck to idle
    t =     5.54s Tap "Journal" Button
    t =     5.54s     Wait for com.rishishah.sipcheck to idle
    t =     5.54s     Find the "Journal" Button
    t =     5.65s     Check for interrupting elements affecting "Journal" Button
    t =     5.68s     Synthesize event
    t =     6.00s     Wait for com.rishishah.sipcheck to idle
    t =     7.68s Waiting 3.0s for StaticText (First Match) to exist
    t =     8.69s     Checking `Expect predicate `existsNoRetry == 1` for object StaticText (First Match)`
    t =     8.69s         Checking existence of `StaticText (First Match)`
    t =     8.78s Tap StaticText (First Match)
    t =     8.78s     Wait for com.rishishah.sipcheck to idle
    t =     8.79s     Find the StaticText (First Match)
    t =     8.88s     Check for interrupting elements affecting "Bud Light" StaticText
    t =     8.91s     Synthesize event
    t =     9.19s     Wait for com.rishishah.sipcheck to idle
    t =     9.27s Waiting 3.0s for "detailStar_3" Button to exist
    t =    10.31s     Checking `Expect predicate `existsNoRetry == 1` for object "detailStar_3" Button`
    t =    10.31s         Checking existence of `"detailStar_3" Button`
    t =    10.41s Tap "detailStar_3" Button
    t =    10.41s     Wait for com.rishishah.sipcheck to idle
    t =    10.42s     Find the "detailStar_3" Button
    t =    10.47s     Check for interrupting elements affecting "detailStar_3" Button
    t =    10.51s     Synthesize event
    t =    10.80s     Wait for com.rishishah.sipcheck to idle
    t =    11.17s Tap "Save" Button
    t =    11.17s     Wait for com.rishishah.sipcheck to idle
    t =    11.17s     Find the "Save" Button
    t =    11.26s     Check for interrupting elements affecting "Save" Button
    t =    11.30s     Synthesize event
    t =    11.60s     Wait for com.rishishah.sipcheck to idle
    t =    11.99s Waiting 3.0s for "My Beers" StaticText to exist
    t =    13.02s     Checking `Expect predicate `existsNoRetry == 1` for object "My Beers" StaticText`
    t =    13.02s         Checking existence of `"My Beers" StaticText`
    t =    13.06s Terminate com.rishishah.sipcheck:22472
    t =    14.09s Open com.rishishah.sipcheck
    t =    14.09s     Launch com.rishishah.sipcheck
    t =    14.34s         Setting up automation session
    t =    15.53s         Wait for com.rishishah.sipcheck to idle
    t =    17.06s Tap "Journal" Button
    t =    17.06s     Wait for com.rishishah.sipcheck to idle
    t =    17.06s     Find the "Journal" Button
    t =    17.13s     Check for interrupting elements affecting "Journal" Button
    t =    17.16s     Synthesize event
    t =    17.46s     Wait for com.rishishah.sipcheck to idle
    t =    19.10s Waiting 3.0s for StaticText (First Match) to exist
    t =    20.15s     Checking `Expect predicate `existsNoRetry == 1` for object StaticText (First Match)`
    t =    20.15s         Checking existence of `StaticText (First Match)`
    t =    20.31s Tap StaticText (First Match)
    t =    20.31s     Wait for com.rishishah.sipcheck to idle
    t =    20.31s     Find the StaticText (First Match)
    t =    20.42s     Check for interrupting elements affecting "Bud Light" StaticText
    t =    20.47s     Synthesize event
    t =    20.79s     Wait for com.rishishah.sipcheck to idle
    t =    20.84s Waiting 3.0s for "detailStar_4" Button to exist
    t =    21.91s     Checking `Expect predicate `existsNoRetry == 1` for object "detailStar_4" Button`
    t =    21.91s         Checking existence of `"detailStar_4" Button`
    t =    22.05s Added attachment named '01-persisted-detail'
    t =    22.05s Tear Down
Test Case '-[SipCheckUITests.SipCheckUITests testJournalEditPersistsAfterRelaunch]' passed (22.288 seconds).
Test Case '-[SipCheckUITests.SipCheckUITests testJournalRowOpensDetail]' started.
    t =     0.00s Start Test at 2026-07-31 02:59:14.404
    t =     0.02s Set Up
    t =     0.02s     Open com.rishishah.sipcheck
    t =     0.02s         Launch com.rishishah.sipcheck
    t =     0.02s             Terminate com.rishishah.sipcheck:23492
    t =     1.28s             Setting up automation session
    t =     2.51s             Wait for com.rishishah.sipcheck to idle
    t =     4.02s Tap "Journal" Button
    t =     4.02s     Wait for com.rishishah.sipcheck to idle
    t =     4.02s     Find the "Journal" Button
    t =     4.16s     Check for interrupting elements affecting "Journal" Button
    t =     4.19s     Synthesize event
    t =     4.49s     Wait for com.rishishah.sipcheck to idle
    t =     5.92s Waiting 3.0s for "journalTab" Other to exist
    t =     6.95s     Checking `Expect predicate `existsNoRetry == 1` for object "journalTab" Other`
    t =     6.95s         Checking existence of `"journalTab" Other`
    t =     7.02s         Capturing element debug description
    t =     7.93s     Checking `Expect predicate `existsNoRetry == 1` for object "journalTab" Other`
    t =     7.93s         Checking existence of `"journalTab" Other`
    t =     7.97s         Capturing element debug description
    t =     8.93s     Checking `Expect predicate `existsNoRetry == 1` for object "journalTab" Other`
    t =     8.93s         Checking existence of `"journalTab" Other`
    t =     8.96s         Capturing element debug description
    t =     8.96s     Checking existence of `"journalTab" Other`
    t =     9.01s Collecting debug information to assist test failure triage
    t =     9.01s     Requesting snapshot of accessibility hierarchy for app with pid 23664
    t =     9.07s Waiting 3.0s for "My Beers" StaticText to exist
    t =    10.11s     Checking `Expect predicate `existsNoRetry == 1` for object "My Beers" StaticText`
    t =    10.12s         Checking existence of `"My Beers" StaticText`
    t =    10.21s Added attachment named '01-journal'
    t =    10.21s Waiting 3.0s for StaticText (First Match) to exist
    t =    11.22s     Checking `Expect predicate `existsNoRetry == 1` for object StaticText (First Match)`
    t =    11.22s         Checking existence of `StaticText (First Match)`
    t =    11.30s Tap StaticText (First Match)
    t =    11.30s     Wait for com.rishishah.sipcheck to idle
    t =    11.31s     Find the StaticText (First Match)
    t =    11.39s     Check for interrupting elements affecting "Guinness Draught" StaticText
    t =    11.46s     Synthesize event
    t =    11.78s     Wait for com.rishishah.sipcheck to idle
    t =    11.88s Waiting 3.0s for "detailDelete" Button to exist
    t =    12.93s     Checking `Expect predicate `existsNoRetry == 1` for object "detailDelete" Button`
    t =    12.93s         Checking existence of `"detailDelete" Button`
    t =    13.09s Added attachment named '02-detail-sheet'
    t =    13.09s Tap "detailStar_5" Button
    t =    13.09s     Wait for com.rishishah.sipcheck to idle
    t =    13.09s     Find the "detailStar_5" Button
    t =    13.14s     Check for interrupting elements affecting "detailStar_5" Button
    t =    13.18s     Synthesize event
    t =    13.49s     Wait for com.rishishah.sipcheck to idle
    t =    13.49s Tap "Save" Button
    t =    13.49s     Wait for com.rishishah.sipcheck to idle
    t =    13.49s     Find the "Save" Button
    t =    13.57s     Check for interrupting elements affecting "Save" Button
    t =    13.62s     Synthesize event
    t =    13.92s     Wait for com.rishishah.sipcheck to idle
    t =    14.30s Waiting 3.0s for "My Beers" StaticText to exist
    t =    15.33s     Checking `Expect predicate `existsNoRetry == 1` for object "My Beers" StaticText`
    t =    15.34s         Checking existence of `"My Beers" StaticText`
    t =    15.45s Added attachment named '03-after-save'
    t =    15.45s Tear Down
Test Case '-[SipCheckUITests.SipCheckUITests testJournalRowOpensDetail]' passed (15.675 seconds).
Test Case '-[SipCheckUITests.SipCheckUITests testJournalSearchFilters]' started.
    t =     0.00s Start Test at 2026-07-31 02:59:30.080
    t =     0.02s Set Up
    t =     0.02s     Open com.rishishah.sipcheck
    t =     0.02s         Launch com.rishishah.sipcheck
    t =     0.03s             Terminate com.rishishah.sipcheck:23664
    t =     2.70s             Setting up automation session
    t =     3.55s             Wait for com.rishishah.sipcheck to idle
    t =     5.14s Tap "Journal" Button
    t =     5.14s     Wait for com.rishishah.sipcheck to idle
    t =     5.14s     Find the "Journal" Button
    t =     5.25s     Check for interrupting elements affecting "Journal" Button
    t =     5.27s     Synthesize event
    t =     5.59s     Wait for com.rishishah.sipcheck to idle
    t =     6.90s Waiting 3.0s for "journalSearch" TextField to exist
    t =     7.94s     Checking `Expect predicate `existsNoRetry == 1` for object "journalSearch" TextField`
    t =     7.94s         Checking existence of `"journalSearch" TextField`
    t =     7.99s Tap "journalSearch" TextField
    t =     7.99s     Wait for com.rishishah.sipcheck to idle
    t =     7.99s     Find the "journalSearch" TextField
    t =     8.03s     Check for interrupting elements affecting "journalSearch" TextField
    t =     8.06s     Synthesize event
    t =     8.36s     Wait for com.rishishah.sipcheck to idle
    t =     8.67s Type 'Guinness' into "journalSearch" TextField
    t =     8.67s     Wait for com.rishishah.sipcheck to idle
    t =     9.04s     Find the "journalSearch" TextField
    t =     9.15s     Check for interrupting elements affecting "journalSearch" TextField
    t =     9.22s     Synthesize event
    t =     9.56s     Wait for com.rishishah.sipcheck to idle
    t =     9.57s Waiting 2.0s for StaticText (First Match) to exist
    t =    10.61s     Checking `Expect predicate `existsNoRetry == 1` for object StaticText (First Match)`
    t =    10.61s         Checking existence of `StaticText (First Match)`
    t =    10.72s Checking existence of `StaticText (First Match)`
    t =    10.91s Added attachment named '01-search-filtered'
    t =    10.91s Tear Down
Test Case '-[SipCheckUITests.SipCheckUITests testJournalSearchFilters]' passed (11.141 seconds).
Test Case '-[SipCheckUITests.SipCheckUITests testLaunchShowsCheckTab]' started.
    t =     0.00s Start Test at 2026-07-31 02:59:41.221
    t =     0.02s Set Up
    t =     0.02s     Open com.rishishah.sipcheck
    t =     0.02s         Launch com.rishishah.sipcheck
    t =     0.02s             Terminate com.rishishah.sipcheck:24354
    t =     1.30s             Setting up automation session
    t =     2.50s             Wait for com.rishishah.sipcheck to idle
    t =     4.10s Waiting 5.0s for "Scan Label" Button to exist
    t =     5.13s     Checking `Expect predicate `existsNoRetry == 1` for object "Scan Label" Button`
    t =     5.13s         Checking existence of `"Scan Label" Button`
    t =     5.26s Checking existence of `"Enter beer name" Button`
    t =     5.38s Added attachment named '01-check-tab'
    t =     5.38s Tear Down
Test Case '-[SipCheckUITests.SipCheckUITests testLaunchShowsCheckTab]' passed (5.600 seconds).
Test Case '-[SipCheckUITests.SipCheckUITests testLongTailSearchShowsSourcedCandidateBelowExactAction]' started.
    t =     0.00s Start Test at 2026-07-31 02:59:46.821
    t =     0.02s Set Up
    t =     0.02s     Open com.rishishah.sipcheck
    t =     0.02s         Launch com.rishishah.sipcheck
    t =     0.03s             Terminate com.rishishah.sipcheck:25042
    t =     1.26s             Setting up automation session
    t =     2.78s             Wait for com.rishishah.sipcheck to idle
    t =     4.45s Waiting 5.0s for "Enter beer name" Button to exist
    t =     5.47s     Checking `Expect predicate `existsNoRetry == 1` for object "Enter beer name" Button`
    t =     5.47s         Checking existence of `"Enter beer name" Button`
    t =     5.54s Tap "Enter beer name" Button
    t =     5.54s     Wait for com.rishishah.sipcheck to idle
    t =     5.55s     Find the "Enter beer name" Button
    t =     5.57s     Check for interrupting elements affecting "enterTextButton" Button
    t =     5.59s     Synthesize event
    t =     5.89s     Wait for com.rishishah.sipcheck to idle
    t =     5.99s Waiting 5.0s for TextField (First Match) to exist
    t =     7.05s     Checking `Expect predicate `existsNoRetry == 1` for object TextField (First Match)`
    t =     7.06s         Checking existence of `TextField (First Match)`
    t =     7.55s Tap TextField (First Match)
    t =     7.55s     Wait for com.rishishah.sipcheck to idle
    t =     7.56s     Find the TextField (First Match)
    t =     7.72s     Check for interrupting elements affecting "beerTextInput" TextField
    t =     7.78s     Synthesize event
    t =     8.07s     Wait for com.rishishah.sipcheck to idle
    t =     8.07s Type 'Neighborhood Ferme...' into "beerTextInput" TextField
    t =     8.07s     Wait for com.rishishah.sipcheck to idle
    t =     8.07s     Find the "beerTextInput" TextField
    t =     8.34s     Check for interrupting elements affecting "beerTextInput" TextField
    t =     8.42s     Synthesize event
    t =     9.00s     Wait for com.rishishah.sipcheck to idle
    t =     9.01s Waiting 1.0s for "customBeerResult" Button to exist
    t =    10.02s     Checking `Expect predicate `existsNoRetry == 1` for object "customBeerResult" Button`
    t =    10.02s         Checking existence of `"customBeerResult" Button`
    t =    10.08s     Checking existence of `"customBeerResult" Button`
    t =    10.14s Waiting 5.0s for "remoteSuggestionRow_0" Button to exist
    t =    11.18s     Checking `Expect predicate `existsNoRetry == 1` for object "remoteSuggestionRow_0" Button`
    t =    11.18s         Checking existence of `"remoteSuggestionRow_0" Button`
    t =    11.24s Find the "remoteSuggestionRow_0" Button
    t =    11.29s Find the "remoteSuggestionRow_0" Button
    t =    11.34s Find the "customBeerResult" Button
    t =    11.39s Find the "remoteSuggestionRow_0" Button
    t =    11.44s Checking existence of `"remoteSuggestionSource_0" Any`
    t =    11.58s Added attachment named '01-long-tail-result'
    t =    11.58s Tap "remoteSuggestionRow_0" Button
    t =    11.58s     Wait for com.rishishah.sipcheck to idle
    t =    11.58s     Find the "remoteSuggestionRow_0" Button
    t =    11.65s     Check for interrupting elements affecting "remoteSuggestionRow_0" Button
    t =    11.70s     Synthesize event
    t =    12.05s     Wait for com.rishishah.sipcheck to idle
    t =    13.76s Waiting 10.0s for "Harbor Fog IPA" StaticText to exist
    t =    14.82s     Checking `Expect predicate `existsNoRetry == 1` for object "Harbor Fog IPA" StaticText`
    t =    14.82s         Checking existence of `"Harbor Fog IPA" StaticText`
    t =    14.86s Waiting 10.0s for "verdictText" Any to exist
    t =    15.92s     Checking `Expect predicate `existsNoRetry == 1` for object "verdictText" Any`
    t =    15.92s         Checking existence of `"verdictText" Any`
    t =    16.98s Checking `Expect predicate `label == "Product photo of Harbor Fog IPA"` for object "tastePassportArtwork" Any`
    t =    16.98s     Find the "tastePassportArtwork" Any
    t =    17.02s Waiting 3.0s for "verdictBeerFactSource" Any to exist
    t =    18.05s     Checking `Expect predicate `existsNoRetry == 1` for object "verdictBeerFactSource" Any`
    t =    18.05s         Checking existence of `"verdictBeerFactSource" Any`
    t =    18.08s Find the "verdictBeerFactSource" Any
    t =    18.17s Find the "verdictBeerFactSource" Button
    t =    18.28s Added attachment named '02-long-tail-verdict'
    t =    18.29s Tear Down
Test Case '-[SipCheckUITests.SipCheckUITests testLongTailSearchShowsSourcedCandidateBelowExactAction]' passed (18.563 seconds).
Test Case '-[SipCheckUITests.SipCheckUITests testProfileShowsStats]' started.
    t =     0.00s Start Test at 2026-07-31 03:00:05.385
    t =     0.06s Set Up
    t =     0.06s     Open com.rishishah.sipcheck
    t =     0.06s         Launch com.rishishah.sipcheck
    t =     0.06s             Terminate com.rishishah.sipcheck:25050
    t =     1.34s             Setting up automation session
    t =     2.68s             Wait for com.rishishah.sipcheck to idle
    t =     4.29s Tap "Profile" Button
    t =     4.29s     Wait for com.rishishah.sipcheck to idle
    t =     4.30s     Find the "Profile" Button
    t =     4.37s     Check for interrupting elements affecting "Profile" Button
    t =     4.41s     Synthesize event
    t =     4.73s     Wait for com.rishishah.sipcheck to idle
    t =     5.93s Waiting 3.0s for "My Profile" StaticText to exist
    t =     6.95s     Checking `Expect predicate `existsNoRetry == 1` for object "My Profile" StaticText`
    t =     6.95s         Checking existence of `"My Profile" StaticText`
    t =     7.02s Checking existence of `"Beers Logged" StaticText`
    t =     7.13s Added attachment named '01-profile'
    t =     7.13s Tear Down
Test Case '-[SipCheckUITests.SipCheckUITests testProfileShowsStats]' passed (7.344 seconds).
Test Case '-[SipCheckUITests.SipCheckUITests testRecentScanOpensDetail]' started.
    t =     0.00s Start Test at 2026-07-31 03:00:12.729
    t =     0.02s Set Up
    t =     0.02s     Open com.rishishah.sipcheck
    t =     0.02s         Launch com.rishishah.sipcheck
    t =     0.02s             Terminate com.rishishah.sipcheck:26120
    t =     1.27s             Setting up automation session
    t =     2.40s             Wait for com.rishishah.sipcheck to idle
    t =     4.03s Tap "Profile" Button
    t =     4.03s     Wait for com.rishishah.sipcheck to idle
    t =     4.03s     Find the "Profile" Button
    t =     4.12s     Check for interrupting elements affecting "Profile" Button
    t =     4.14s     Synthesize event
    t =     4.47s     Wait for com.rishishah.sipcheck to idle
    t =     5.58s Waiting 3.0s for "Recent Scans" StaticText to exist
    t =     6.61s     Checking `Expect predicate `existsNoRetry == 1` for object "Recent Scans" StaticText`
    t =     6.61s         Checking existence of `"Recent Scans" StaticText`
    t =     6.66s Waiting 3.0s for Button (First Match) to exist
    t =     7.68s     Checking `Expect predicate `existsNoRetry == 1` for object Button (First Match)`
    t =     7.68s         Checking existence of `Button (First Match)`
    t =     7.77s Tap Button (First Match)
    t =     7.77s     Wait for com.rishishah.sipcheck to idle
    t =     7.78s     Find the Button (First Match)
    t =     7.85s     Check for interrupting elements affecting "recentScanRow_AA333333-3333-3333-3333-333333333333" Button
    t =     7.88s     Synthesize event
    t =     8.19s     Wait for com.rishishah.sipcheck to idle
    t =     8.27s Waiting 3.0s for "recentScanDetail" Other to exist
    t =     9.31s     Checking `Expect predicate `existsNoRetry == 1` for object "recentScanDetail" Other`
    t =     9.31s         Checking existence of `"recentScanDetail" Other`
    t =     9.38s Checking existence of `"recentScanDetailPhoto" Other`
    t =     9.43s Checking existence of `"Why this verdict" StaticText`
    t =     9.54s Added attachment named '02-recent-scan-detail'
    t =     9.54s Tear Down
Test Case '-[SipCheckUITests.SipCheckUITests testRecentScanOpensDetail]' passed (9.758 seconds).
Test Case '-[SipCheckUITests.SipCheckUITests testReplayResetsRemindersAndShowsShortVisualOnboarding]' started.
    t =     0.00s Start Test at 2026-07-31 03:00:22.488
    t =     0.02s Set Up
    t =     0.02s     Open com.rishishah.sipcheck
    t =     0.02s         Launch com.rishishah.sipcheck
    t =     0.02s             Terminate com.rishishah.sipcheck:26508
    t =     1.31s             Setting up automation session
    t =     2.47s             Wait for com.rishishah.sipcheck to idle
    t =     4.03s Tap "Profile" Button
    t =     4.03s     Wait for com.rishishah.sipcheck to idle
    t =     4.04s     Find the "Profile" Button
    t =     4.12s     Check for interrupting elements affecting "Profile" Button
    t =     4.14s     Synthesize event
    t =     4.49s     Wait for com.rishishah.sipcheck to idle
    t =     5.59s Waiting 3.0s for "settingsButton" Button to exist
    t =     6.60s     Checking `Expect predicate `existsNoRetry == 1` for object "settingsButton" Button`
    t =     6.60s         Checking existence of `"settingsButton" Button`
    t =     6.66s Tap "settingsButton" Button
    t =     6.66s     Wait for com.rishishah.sipcheck to idle
    t =     6.67s     Find the "settingsButton" Button
    t =     6.70s     Check for interrupting elements affecting "settingsButton" Button
    t =     6.73s     Synthesize event
    t =     7.02s     Wait for com.rishishah.sipcheck to idle
    t =     7.28s Waiting 5.0s for "Settings" NavigationBar to exist
    t =     8.31s     Checking `Expect predicate `existsNoRetry == 1` for object "Settings" NavigationBar`
    t =     8.32s         Checking existence of `"Settings" NavigationBar`
    t =     8.43s Find the "followUpRemindersToggle" Switch
    t =     9.49s     Find the "followUpRemindersToggle" Switch (retry 1)
    t =    10.55s     Find the "followUpRemindersToggle" Switch (retry 2)
    t =    10.60s Swipe up Target Application 'com.rishishah.sipcheck'
    t =    10.60s     Wait for com.rishishah.sipcheck to idle
    t =    10.60s     Find the Target Application 'com.rishishah.sipcheck'
    t =    10.64s     Check for interrupting elements affecting "SipCheck" Application
    t =    10.69s     Synthesize event
    t =    11.12s     Wait for com.rishishah.sipcheck to idle
    t =    13.30s Find the "followUpRemindersToggle" Switch
    t =    13.39s Find the "followUpRemindersToggle" Switch
    t =    13.46s Find the "followUpRemindersToggle" Switch
    t =    13.54s Find the "followUpRemindersToggle" Switch
    t =    13.61s Waiting 3.0s for "followUpRemindersToggle" Switch to exist
    t =    14.65s     Checking `Expect predicate `existsNoRetry == 1` for object "followUpRemindersToggle" Switch`
    t =    14.65s         Checking existence of `"followUpRemindersToggle" Switch`
    t =    14.71s Find the "followUpRemindersToggle" Switch
    t =    14.78s Checking existence of `"replayOnboardingButton" Button`
    t =    14.86s Checking existence of `"replayOnboardingButton" Button`
    t =    14.92s Checking existence of `"replayOnboardingButton" Button`
    t =    14.99s Checking existence of `"replayOnboardingButton" Button`
    t =    15.07s Waiting 3.0s for "replayOnboardingButton" Button to exist
    t =    16.12s     Checking `Expect predicate `existsNoRetry == 1` for object "replayOnboardingButton" Button`
    t =    16.12s         Checking existence of `"replayOnboardingButton" Button`
    t =    16.20s Tap "replayOnboardingButton" Button
    t =    16.20s     Wait for com.rishishah.sipcheck to idle
    t =    16.21s     Find the "replayOnboardingButton" Button
    t =    16.27s     Check for interrupting elements affecting "replayOnboardingButton" Button
    t =    16.34s     Synthesize event
    t =    16.65s     Wait for com.rishishah.sipcheck to idle
    t =    16.73s Waiting 3.0s for "confirmReplayOnboardingButton" Button to exist
    t =    17.78s     Checking `Expect predicate `existsNoRetry == 1` for object "confirmReplayOnboardingButton" Button`
    t =    17.78s         Checking existence of `"confirmReplayOnboardingButton" Button`
    t =    17.86s Tap "confirmReplayOnboardingButton" Button
    t =    17.86s     Wait for com.rishishah.sipcheck to idle
    t =    17.86s     Find the "confirmReplayOnboardingButton" Button
    t =    17.92s     Check for interrupting elements affecting "confirmReplayOnboardingButton" Button
    t =    18.00s     Synthesize event
    t =    18.29s     Wait for com.rishishah.sipcheck to idle
    t =    18.67s Waiting 4.0s for "I'm 21 or Older" Button to exist
    t =    19.72s     Checking `Expect predicate `existsNoRetry == 1` for object "I'm 21 or Older" Button`
    t =    19.72s         Checking existence of `"I'm 21 or Older" Button`
    t =    19.73s Tap "I'm 21 or Older" Button
    t =    19.73s     Wait for com.rishishah.sipcheck to idle
    t =    19.73s     Find the "I'm 21 or Older" Button
    t =    19.74s     Check for interrupting elements affecting "I'm 21 or Older" Button
    t =    19.75s     Synthesize event
    t =    20.05s     Wait for com.rishishah.sipcheck to idle
    t =    20.05s Waiting 3.0s for "Pick the right beer, fast." StaticText to exist
    t =    21.08s     Checking `Expect predicate `existsNoRetry == 1` for object "Pick the right beer, fast." StaticText`
    t =    21.08s         Checking existence of `"Pick the right beer, fast." StaticText`
    t =    21.11s Tap "onboardingContinuePage0" Button
    t =    21.11s     Wait for com.rishishah.sipcheck to idle
    t =    21.11s     Find the "onboardingContinuePage0" Button
    t =    21.13s     Check for interrupting elements affecting "onboardingContinuePage0" Button
    t =    21.14s     Synthesize event
    t =    21.44s     Wait for com.rishishah.sipcheck to idle
    t =    21.61s Waiting 3.0s for "Your call, in a glance." StaticText to exist
    t =    22.65s     Checking `Expect predicate `existsNoRetry == 1` for object "Your call, in a glance." StaticText`
    t =    22.65s         Checking existence of `"Your call, in a glance." StaticText`
    t =    22.67s Checking existence of `"A personal TRY IT or SKIP IT that gets sharper with every rating." StaticText`
    t =    22.68s Tap "onboardingContinuePage1" Button
    t =    22.68s     Wait for com.rishishah.sipcheck to idle
    t =    22.69s     Find the "onboardingContinuePage1" Button
    t =    22.70s     Check for interrupting elements affecting "onboardingContinuePage1" Button
    t =    22.73s     Synthesize event
    t =    23.03s     Wait for com.rishishah.sipcheck to idle
    t =    23.14s Waiting 3.0s for "onboardingGoToBeerTile.modelo" Button to exist
    t =    24.18s     Checking `Expect predicate `existsNoRetry == 1` for object "onboardingGoToBeerTile.modelo" Button`
    t =    24.18s         Checking existence of `"onboardingGoToBeerTile.modelo" Button`
    t =    24.24s Find the "onboardingGoToBeerTile.modelo" Button
    t =    24.27s Waiting 3.0s for "onboardingGoToSearch" TextField to exist
    t =    25.32s     Checking `Expect predicate `existsNoRetry == 1` for object "onboardingGoToSearch" TextField`
    t =    25.32s         Checking existence of `"onboardingGoToSearch" TextField`
    t =    25.35s Tap "onboardingGoToSearch" TextField
    t =    25.35s     Wait for com.rishishah.sipcheck to idle
    t =    25.36s     Find the "onboardingGoToSearch" TextField
    t =    25.38s     Check for interrupting elements affecting "onboardingGoToSearch" TextField
    t =    25.40s     Synthesize event
    t =    25.70s     Wait for com.rishishah.sipcheck to idle
    t =    25.95s Type 'Modelo' into "onboardingGoToSearch" TextField
    t =    25.95s     Wait for com.rishishah.sipcheck to idle
    t =    26.36s     Find the "onboardingGoToSearch" TextField
    t =    26.43s     Check for interrupting elements affecting "onboardingGoToSearch" TextField
    t =    26.46s     Synthesize event
    t =    26.77s     Wait for com.rishishah.sipcheck to idle
    t =    26.78s Checking existence of `"onboardingGoToBeerTile.modelo" Button`
    t =    26.81s Checking existence of `"onboardingGoToBeerTile.guinness" Button`
    t =    26.83s Tap "onboardingGoToBeerTile.modelo" Button
    t =    26.83s     Wait for com.rishishah.sipcheck to idle
    t =    26.84s     Find the "onboardingGoToBeerTile.modelo" Button
    t =    26.86s     Check for interrupting elements affecting "onboardingGoToBeerTile.modelo" Button
    t =    26.89s     Synthesize event
    t =    27.20s     Wait for com.rishishah.sipcheck to idle
    t =    27.21s Find the "onboardingGoToBeerTile.modelo" Button
    t =    27.24s Waiting 2.0s for "Clear search" Button to exist
    t =    28.28s     Checking `Expect predicate `existsNoRetry == 1` for object "Clear search" Button`
    t =    28.28s         Checking existence of `"Clear search" Button`
    t =    28.32s Tap "Clear search" Button
    t =    28.32s     Wait for com.rishishah.sipcheck to idle
    t =    28.33s     Find the "Clear search" Button
    t =    28.35s     Check for interrupting elements affecting "xmark.circle.fill" Button
    t =    28.38s     Synthesize event
    t =    28.68s     Wait for com.rishishah.sipcheck to idle
    t =    28.68s Tap "onboardingGoToSearch" TextField
    t =    28.68s     Wait for com.rishishah.sipcheck to idle
    t =    28.70s     Find the "onboardingGoToSearch" TextField
    t =    28.75s     Check for interrupting elements affecting "onboardingGoToSearch" TextField
    t =    28.78s     Synthesize event
    t =    29.09s     Wait for com.rishishah.sipcheck to idle
    t =    29.09s Type 'Neighborhood One-O...' into "onboardingGoToSearch" TextField
    t =    29.09s     Wait for com.rishishah.sipcheck to idle
    t =    29.18s     Find the "onboardingGoToSearch" TextField
    t =    29.25s     Check for interrupting elements affecting "onboardingGoToSearch" TextField
    t =    29.29s     Synthesize event
    t =    29.85s     Wait for com.rishishah.sipcheck to idle
    t =    29.85s Waiting 3.0s for "onboardingGoToBeerTile.neighborhood-one-off" Button to exist
    t =    30.87s     Checking `Expect predicate `existsNoRetry == 1` for object "onboardingGoToBeerTile.neighborhood-one-off" Button`
    t =    30.87s         Checking existence of `"onboardingGoToBeerTile.neighborhood-one-off" Button`
    t =    30.91s Tap "onboardingGoToBeerTile.neighborhood-one-off" Button
    t =    30.91s     Wait for com.rishishah.sipcheck to idle
    t =    30.91s     Find the "onboardingGoToBeerTile.neighborhood-one-off" Button
    t =    30.94s     Check for interrupting elements affecting "onboardingGoToBeerTile.neighborhood-one-off" Button
    t =    30.97s     Synthesize event
    t =    31.27s     Wait for com.rishishah.sipcheck to idle
    t =    31.28s Find the "onboardingGoToBeerTile.neighborhood-one-off" Button
    t =    31.33s Waiting 3.0s for "onboardingGoToMode" SegmentedControl to exist
    t =    32.38s     Checking `Expect predicate `existsNoRetry == 1` for object "onboardingGoToMode" SegmentedControl`
    t =    32.38s         Checking existence of `"onboardingGoToMode" SegmentedControl`
    t =    32.43s Tap "Styles" Button
    t =    32.43s     Wait for com.rishishah.sipcheck to idle
    t =    32.43s     Find the "Styles" Button
    t =    32.46s     Check for interrupting elements affecting "Styles" Button
    t =    32.49s     Synthesize event
    t =    32.79s     Wait for com.rishishah.sipcheck to idle
    t =    33.83s Waiting 3.0s for "onboardingGoToStyle.ipa" Button to exist
    t =    34.86s     Checking `Expect predicate `existsNoRetry == 1` for object "onboardingGoToStyle.ipa" Button`
    t =    34.86s         Checking existence of `"onboardingGoToStyle.ipa" Button`
    t =    34.96s Added attachment named '01-go-to-search-switch'
    t =    34.96s Tap "onboardingGoToStyle.ipa" Button
    t =    34.96s     Wait for com.rishishah.sipcheck to idle
    t =    34.96s     Find the "onboardingGoToStyle.ipa" Button
    t =    34.98s     Check for interrupting elements affecting "onboardingGoToStyle.ipa" Button
    t =    35.01s     Synthesize event
    t =    35.30s     Wait for com.rishishah.sipcheck to idle
    t =    35.35s Added attachment named '02-go-to-style-grid'
    t =    35.35s Tap "onboardingPickerNext" Button
    t =    35.35s     Wait for com.rishishah.sipcheck to idle
    t =    35.35s     Find the "onboardingPickerNext" Button
    t =    35.40s     Check for interrupting elements affecting "onboardingPickerNext" Button
    t =    35.43s     Synthesize event
    t =    35.73s     Wait for com.rishishah.sipcheck to idle
    t =    35.74s Waiting 3.0s for "onboardingStayAwayBeerTile.modelo" Button to exist
    t =    36.79s     Checking `Expect predicate `existsNoRetry == 1` for object "onboardingStayAwayBeerTile.modelo" Button`
    t =    36.79s         Checking existence of `"onboardingStayAwayBeerTile.modelo" Button`
    t =    36.82s Find the "onboardingStayAwayBeerTile.modelo" Button
    t =    36.85s Find the "onboardingStayAwayBeerTile.modelo" Button
    t =    36.87s Checking existence of `"onboardingStayAwaySearch" TextField`
    t =    36.94s Added attachment named '03-stay-away-blank-slate'
    t =    36.94s Tap "onboardingStayAwayBeerTile.modelo" Button
    t =    36.94s     Wait for com.rishishah.sipcheck to idle
    t =    36.94s     Find the "onboardingStayAwayBeerTile.modelo" Button
    t =    36.97s     Check for interrupting elements affecting "onboardingStayAwayBeerTile.modelo" Button
    t =    37.00s     Synthesize event
    t =    37.29s     Wait for com.rishishah.sipcheck to idle
    t =    37.29s Find the "onboardingStayAwayBeerTile.modelo" Button
    t =    37.32s Waiting 3.0s for "onboardingStayAwayMode" SegmentedControl to exist
    t =    38.36s     Checking `Expect predicate `existsNoRetry == 1` for object "onboardingStayAwayMode" SegmentedControl`
    t =    38.36s         Checking existence of `"onboardingStayAwayMode" SegmentedControl`
    t =    38.39s Tap "Styles" Button
    t =    38.39s     Wait for com.rishishah.sipcheck to idle
    t =    38.40s     Find the "Styles" Button
    t =    38.42s     Check for interrupting elements affecting "Styles" Button
    t =    38.46s     Synthesize event
    t =    38.76s     Wait for com.rishishah.sipcheck to idle
    t =    39.76s Waiting 3.0s for "onboardingStayAwayStyle.ipa" Button to exist
    t =    40.78s     Checking `Expect predicate `existsNoRetry == 1` for object "onboardingStayAwayStyle.ipa" Button`
    t =    40.78s         Checking existence of `"onboardingStayAwayStyle.ipa" Button`
    t =    40.82s Tap "onboardingStayAwayStyle.ipa" Button
    t =    40.82s     Wait for com.rishishah.sipcheck to idle
    t =    40.82s     Find the "onboardingStayAwayStyle.ipa" Button
    t =    40.85s     Check for interrupting elements affecting "onboardingStayAwayStyle.ipa" Button
    t =    40.88s     Synthesize event
    t =    41.19s     Wait for com.rishishah.sipcheck to idle
    t =    41.19s Tap "onboardingStayAwaySkip" Button
    t =    41.19s     Wait for com.rishishah.sipcheck to idle
    t =    41.19s     Find the "onboardingStayAwaySkip" Button
    t =    41.23s     Check for interrupting elements affecting "onboardingStayAwaySkip" Button
    t =    41.26s     Synthesize event
    t =    41.57s     Wait for com.rishishah.sipcheck to idle
    t =    41.57s Waiting 4.0s for "Scan Label" Button to exist
    t =    42.58s     Checking `Expect predicate `existsNoRetry == 1` for object "Scan Label" Button`
    t =    42.58s         Checking existence of `"Scan Label" Button`
    t =    42.61s Tap "Enter beer name" Button
    t =    42.61s     Wait for com.rishishah.sipcheck to idle
    t =    42.61s     Find the "Enter beer name" Button
    t =    42.64s     Check for interrupting elements affecting "enterTextButton" Button
    t =    42.66s     Synthesize event
    t =    42.97s     Wait for com.rishishah.sipcheck to idle
    t =    44.50s Waiting 3.0s for "beerTextInput" TextField to exist
    t =    45.54s     Checking `Expect predicate `existsNoRetry == 1` for object "beerTextInput" TextField`
    t =    45.55s         Checking existence of `"beerTextInput" TextField`
    t =    45.60s Tap "beerTextInput" TextField
    t =    45.60s     Wait for com.rishishah.sipcheck to idle
    t =    45.61s     Find the "beerTextInput" TextField
    t =    45.67s     Check for interrupting elements affecting "beerTextInput" TextField
    t =    45.71s     Synthesize event
    t =    46.00s     Wait for com.rishishah.sipcheck to idle
    t =    46.00s Type 'Neighborhood One-O...' into "beerTextInput" TextField
    t =    46.00s     Wait for com.rishishah.sipcheck to idle
    t =    46.01s     Find the "beerTextInput" TextField
    t =    46.07s     Check for interrupting elements affecting "beerTextInput" TextField
    t =    46.15s     Synthesize event
    t =    46.69s     Wait for com.rishishah.sipcheck to idle
    t =    46.71s Waiting 3.0s for "customBeerResult" Button to exist
    t =    47.72s     Checking `Expect predicate `existsNoRetry == 1` for object "customBeerResult" Button`
    t =    47.72s         Checking existence of `"customBeerResult" Button`
    t =    47.77s Tap "customBeerResult" Button
    t =    47.77s     Wait for com.rishishah.sipcheck to idle
    t =    47.77s     Find the "customBeerResult" Button
    t =    47.83s     Check for interrupting elements affecting "customBeerResult" Button
    t =    47.88s     Synthesize event
    t =    48.18s     Wait for com.rishishah.sipcheck to idle
    t =    49.83s Waiting 10.0s for "verdictText" Any to exist
    t =    50.85s     Checking `Expect predicate `existsNoRetry == 1` for object "verdictText" Any`
    t =    50.85s         Checking existence of `"verdictText" Any`
    t =    50.88s Find the "verdictText" Any
    t =    50.91s Tap "Profile" Button
    t =    50.91s     Wait for com.rishishah.sipcheck to idle
    t =    50.91s     Find the "Profile" Button
    t =    50.94s     Check for interrupting elements affecting "person.crop.circle" Button
    t =    50.97s     Synthesize event
    t =    51.26s     Wait for com.rishishah.sipcheck to idle
    t =    52.74s Waiting 3.0s for "settingsButton" Button to exist
    t =    53.78s     Checking `Expect predicate `existsNoRetry == 1` for object "settingsButton" Button`
    t =    53.78s         Checking existence of `"settingsButton" Button`
    t =    53.85s Tap "settingsButton" Button
    t =    53.85s     Wait for com.rishishah.sipcheck to idle
    t =    53.85s     Find the "settingsButton" Button
    t =    53.89s     Check for interrupting elements affecting "settingsButton" Button
    t =    53.92s     Synthesize event
    t =    54.22s     Wait for com.rishishah.sipcheck to idle
    t =    54.68s Waiting 5.0s for "Settings" NavigationBar to exist
    t =    55.72s     Checking `Expect predicate `existsNoRetry == 1` for object "Settings" NavigationBar`
    t =    55.72s         Checking existence of `"Settings" NavigationBar`
    t =    55.78s Find the "followUpRemindersToggle" Switch
    t =    56.84s     Find the "followUpRemindersToggle" Switch (retry 1)
    t =    57.93s     Find the "followUpRemindersToggle" Switch (retry 2)
    t =    58.00s Swipe up Target Application 'com.rishishah.sipcheck'
    t =    58.00s     Wait for com.rishishah.sipcheck to idle
    t =    58.00s     Find the Target Application 'com.rishishah.sipcheck'
    t =    58.05s     Check for interrupting elements affecting "SipCheck" Application
    t =    58.09s     Synthesize event
    t =    58.52s     Wait for com.rishishah.sipcheck to idle
    t =    60.67s Find the "followUpRemindersToggle" Switch
    t =    60.75s Find the "followUpRemindersToggle" Switch
    t =    60.82s Find the "followUpRemindersToggle" Switch
    t =    60.90s Find the "followUpRemindersToggle" Switch
    t =    60.96s Waiting 3.0s for "followUpRemindersToggle" Switch to exist
    t =    61.98s     Checking `Expect predicate `existsNoRetry == 1` for object "followUpRemindersToggle" Switch`
    t =    61.98s         Checking existence of `"followUpRemindersToggle" Switch`
    t =    62.06s Find the "followUpRemindersToggle" Switch
    t =    62.17s Added attachment named '04-reminders-reset'
    t =    62.18s Tear Down
Test Case '-[SipCheckUITests.SipCheckUITests testReplayResetsRemindersAndShowsShortVisualOnboarding]' passed (62.421 seconds).
Test Case '-[SipCheckUITests.SipCheckUITests testSipCheckLabLaunchesFourIsolatedScenarios]' started.
    t =     0.00s Start Test at 2026-07-31 03:01:24.909
    t =     0.02s Set Up
    t =     0.02s     Open com.rishishah.sipcheck
    t =     0.02s         Launch com.rishishah.sipcheck
    t =     0.02s             Terminate com.rishishah.sipcheck:27693
    t =     1.32s             Setting up automation session
    t =     2.45s             Wait for com.rishishah.sipcheck to idle
    t =     4.09s Tap "Profile" Button
    t =     4.09s     Wait for com.rishishah.sipcheck to idle
    t =     4.09s     Find the "Profile" Button
    t =     4.17s     Check for interrupting elements affecting "Profile" Button
    t =     4.20s     Synthesize event
    t =     4.50s     Wait for com.rishishah.sipcheck to idle
    t =     6.05s Waiting 3.0s for "settingsButton" Button to exist
    t =     7.09s     Checking `Expect predicate `existsNoRetry == 1` for object "settingsButton" Button`
    t =     7.09s         Checking existence of `"settingsButton" Button`
    t =     7.13s Tap "settingsButton" Button
    t =     7.13s     Wait for com.rishishah.sipcheck to idle
    t =     7.14s     Find the "settingsButton" Button
    t =     7.17s     Check for interrupting elements affecting "settingsButton" Button
    t =     7.20s     Synthesize event
    t =     7.49s     Wait for com.rishishah.sipcheck to idle
    t =     7.67s Waiting 5.0s for "Settings" NavigationBar to exist
    t =     8.71s     Checking `Expect predicate `existsNoRetry == 1` for object "Settings" NavigationBar`
    t =     8.71s         Checking existence of `"Settings" NavigationBar`
    t =     8.79s Waiting 4.0s for "developerScenarioLabLink" Button to exist
    t =     9.83s     Checking `Expect predicate `existsNoRetry == 1` for object "developerScenarioLabLink" Button`
    t =     9.83s         Checking existence of `"developerScenarioLabLink" Button`
    t =     9.88s Tap "developerScenarioLabLink" Button
    t =     9.88s     Wait for com.rishishah.sipcheck to idle
    t =     9.88s     Find the "developerScenarioLabLink" Button
    t =     9.93s     Check for interrupting elements affecting "developerScenarioLabLink" Button
    t =     9.98s     Synthesize event
    t =    10.28s     Wait for com.rishishah.sipcheck to idle
    t =    11.17s Waiting 4.0s for "SipCheck Lab" NavigationBar to exist
    t =    12.18s     Checking `Expect predicate `existsNoRetry == 1` for object "SipCheck Lab" NavigationBar`
    t =    12.18s         Checking existence of `"SipCheck Lab" NavigationBar`
    t =    12.24s Waiting 4.0s for "developerScenario.empty" Button to exist
    t =    13.27s     Checking `Expect predicate `existsNoRetry == 1` for object "developerScenario.empty" Button`
    t =    13.27s         Checking existence of `"developerScenario.empty" Button`
    t =    13.32s Find the "developerScenario.empty" Button
    t =    13.38s Tap "developerScenario.empty" Button
    t =    13.38s     Wait for com.rishishah.sipcheck to idle
    t =    13.38s     Find the "developerScenario.empty" Button
    t =    13.43s     Check for interrupting elements affecting "developerScenario.empty" Button
    t =    13.48s     Synthesize event
    t =    13.78s     Wait for com.rishishah.sipcheck to idle
    t =    15.24s Waiting 4.0s for "Nothing logged yet — scan a beer to start" StaticText to exist
    t =    16.28s     Checking `Expect predicate `existsNoRetry == 1` for object "Nothing logged yet — scan a beer to start" StaticText`
    t =    16.28s         Checking existence of `"Nothing logged yet — scan a beer to start" StaticText`
    t =    16.36s Added attachment named '01-dev-scenario-empty'
    t =    16.36s Tap "Profile" Button
    t =    16.36s     Wait for com.rishishah.sipcheck to idle
    t =    16.36s     Find the "Profile" Button
    t =    16.38s     Check for interrupting elements affecting "person.crop.circle" Button
    t =    16.40s     Synthesize event
    t =    16.70s     Wait for com.rishishah.sipcheck to idle
    t =    18.14s Waiting 3.0s for "settingsButton" Button to exist
    t =    19.21s     Checking `Expect predicate `existsNoRetry == 1` for object "settingsButton" Button`
    t =    19.21s         Checking existence of `"settingsButton" Button`
    t =    19.25s Tap "settingsButton" Button
    t =    19.25s     Wait for com.rishishah.sipcheck to idle
    t =    19.25s     Find the "settingsButton" Button
    t =    19.27s     Check for interrupting elements affecting "settingsButton" Button
    t =    19.30s     Synthesize event
    t =    19.58s     Wait for com.rishishah.sipcheck to idle
    t =    20.02s Waiting 5.0s for "Settings" NavigationBar to exist
    t =    21.08s     Checking `Expect predicate `existsNoRetry == 1` for object "Settings" NavigationBar`
    t =    21.08s         Checking existence of `"Settings" NavigationBar`
    t =    21.15s Waiting 4.0s for "developerScenarioLabLink" Button to exist
    t =    22.16s     Checking `Expect predicate `existsNoRetry == 1` for object "developerScenarioLabLink" Button`
    t =    22.16s         Checking existence of `"developerScenarioLabLink" Button`
    t =    22.24s Tap "developerScenarioLabLink" Button
    t =    22.24s     Wait for com.rishishah.sipcheck to idle
    t =    22.25s     Find the "developerScenarioLabLink" Button
    t =    22.29s     Check for interrupting elements affecting "developerScenarioLabLink" Button
    t =    22.33s     Synthesize event
    t =    22.63s     Wait for com.rishishah.sipcheck to idle
    t =    23.45s Waiting 4.0s for "SipCheck Lab" NavigationBar to exist
    t =    24.47s     Checking `Expect predicate `existsNoRetry == 1` for object "SipCheck Lab" NavigationBar`
    t =    24.47s         Checking existence of `"SipCheck Lab" NavigationBar`
    t =    24.52s Waiting 4.0s for "developerScenario.rich-history" Button to exist
    t =    25.56s     Checking `Expect predicate `existsNoRetry == 1` for object "developerScenario.rich-history" Button`
    t =    25.57s         Checking existence of `"developerScenario.rich-history" Button`
    t =    25.65s Find the "developerScenario.rich-history" Button
    t =    25.70s Tap "developerScenario.rich-history" Button
    t =    25.70s     Wait for com.rishishah.sipcheck to idle
    t =    25.70s     Find the "developerScenario.rich-history" Button
    t =    25.74s     Check for interrupting elements affecting "developerScenario.rich-history" Button
    t =    25.78s     Synthesize event
    t =    26.10s     Wait for com.rishishah.sipcheck to idle
    t =    26.94s Waiting 4.0s for StaticText (First Match) to exist
    t =    28.01s     Checking `Expect predicate `existsNoRetry == 1` for object StaticText (First Match)`
    t =    28.01s         Checking existence of `StaticText (First Match)`
    t =    28.06s Checking existence of `"Tried · 3 logs" StaticText`
    t =    28.13s Added attachment named '02-dev-scenario-rich-history'
    t =    28.14s Tap "Profile" Button
    t =    28.14s     Wait for com.rishishah.sipcheck to idle
    t =    28.14s     Find the "Profile" Button
    t =    28.16s     Check for interrupting elements affecting "person.crop.circle" Button
    t =    28.19s     Synthesize event
    t =    28.48s     Wait for com.rishishah.sipcheck to idle
    t =    29.94s Waiting 3.0s for "settingsButton" Button to exist
    t =    30.96s     Checking `Expect predicate `existsNoRetry == 1` for object "settingsButton" Button`
    t =    30.96s         Checking existence of `"settingsButton" Button`
    t =    31.03s Tap "settingsButton" Button
    t =    31.03s     Wait for com.rishishah.sipcheck to idle
    t =    31.03s     Find the "settingsButton" Button
    t =    31.10s     Check for interrupting elements affecting "settingsButton" Button
    t =    31.15s     Synthesize event
    t =    31.45s     Wait for com.rishishah.sipcheck to idle
    t =    31.49s Waiting 5.0s for "Settings" NavigationBar to exist
    t =    32.49s     Checking `Expect predicate `existsNoRetry == 1` for object "Settings" NavigationBar`
    t =    32.50s         Checking existence of `"Settings" NavigationBar`
    t =    32.57s Waiting 4.0s for "developerScenarioLabLink" Button to exist
    t =    33.65s     Checking `Expect predicate `existsNoRetry == 1` for object "developerScenarioLabLink" Button`
    t =    33.65s         Checking existence of `"developerScenarioLabLink" Button`
    t =    33.72s Tap "developerScenarioLabLink" Button
    t =    33.72s     Wait for com.rishishah.sipcheck to idle
    t =    33.72s     Find the "developerScenarioLabLink" Button
    t =    33.77s     Check for interrupting elements affecting "developerScenarioLabLink" Button
    t =    33.82s     Synthesize event
    t =    34.11s     Wait for com.rishishah.sipcheck to idle
    t =    34.92s Waiting 4.0s for "SipCheck Lab" NavigationBar to exist
    t =    35.93s     Checking `Expect predicate `existsNoRetry == 1` for object "SipCheck Lab" NavigationBar`
    t =    35.93s         Checking existence of `"SipCheck Lab" NavigationBar`
    t =    35.99s Waiting 4.0s for "developerScenario.saved-only" Button to exist
    t =    37.03s     Checking `Expect predicate `existsNoRetry == 1` for object "developerScenario.saved-only" Button`
    t =    37.03s         Checking existence of `"developerScenario.saved-only" Button`
    t =    37.08s Find the "developerScenario.saved-only" Button
    t =    37.13s Tap "developerScenario.saved-only" Button
    t =    37.13s     Wait for com.rishishah.sipcheck to idle
    t =    37.14s     Find the "developerScenario.saved-only" Button
    t =    37.18s     Check for interrupting elements affecting "developerScenario.saved-only" Button
    t =    37.23s     Synthesize event
    t =    37.52s     Wait for com.rishishah.sipcheck to idle
    t =    38.42s Waiting 4.0s for "Want to Try" StaticText to exist
    t =    39.50s     Checking `Expect predicate `existsNoRetry == 1` for object "Want to Try" StaticText`
    t =    39.50s         Checking existence of `"Want to Try" StaticText`
    t =    39.55s Checking existence of `"Tried · 0 logs" StaticText`
    t =    39.58s Checking existence of `Button (First Match)`
    t =    39.69s Added attachment named '03-dev-scenario-saved-only'
    t =    39.69s Tap "Profile" Button
    t =    39.69s     Wait for com.rishishah.sipcheck to idle
    t =    39.69s     Find the "Profile" Button
    t =    39.72s     Check for interrupting elements affecting "person.crop.circle" Button
    t =    39.74s     Synthesize event
    t =    40.05s     Wait for com.rishishah.sipcheck to idle
    t =    41.49s Waiting 3.0s for "settingsButton" Button to exist
    t =    42.50s     Checking `Expect predicate `existsNoRetry == 1` for object "settingsButton" Button`
    t =    42.50s         Checking existence of `"settingsButton" Button`
    t =    42.55s Tap "settingsButton" Button
    t =    42.55s     Wait for com.rishishah.sipcheck to idle
    t =    42.55s     Find the "settingsButton" Button
    t =    42.58s     Check for interrupting elements affecting "settingsButton" Button
    t =    42.60s     Synthesize event
    t =    42.90s     Wait for com.rishishah.sipcheck to idle
    t =    43.33s Waiting 5.0s for "Settings" NavigationBar to exist
    t =    44.36s     Checking `Expect predicate `existsNoRetry == 1` for object "Settings" NavigationBar`
    t =    44.36s         Checking existence of `"Settings" NavigationBar`
    t =    44.45s Waiting 4.0s for "developerScenarioLabLink" Button to exist
    t =    45.49s     Checking `Expect predicate `existsNoRetry == 1` for object "developerScenarioLabLink" Button`
    t =    45.49s         Checking existence of `"developerScenarioLabLink" Button`
    t =    45.55s Tap "developerScenarioLabLink" Button
    t =    45.55s     Wait for com.rishishah.sipcheck to idle
    t =    45.56s     Find the "developerScenarioLabLink" Button
    t =    45.61s     Check for interrupting elements affecting "developerScenarioLabLink" Button
    t =    45.66s     Synthesize event
    t =    45.95s     Wait for com.rishishah.sipcheck to idle
    t =    46.77s Waiting 4.0s for "SipCheck Lab" NavigationBar to exist
    t =    47.78s     Checking `Expect predicate `existsNoRetry == 1` for object "SipCheck Lab" NavigationBar`
    t =    47.78s         Checking existence of `"SipCheck Lab" NavigationBar`
    t =    47.83s Waiting 4.0s for "developerScenario.error" Button to exist
    t =    48.85s     Checking `Expect predicate `existsNoRetry == 1` for object "developerScenario.error" Button`
    t =    48.85s         Checking existence of `"developerScenario.error" Button`
    t =    48.90s Find the "developerScenario.error" Button
    t =    48.95s Tap "developerScenario.error" Button
    t =    48.95s     Wait for com.rishishah.sipcheck to idle
    t =    48.95s     Find the "developerScenario.error" Button
    t =    49.00s     Check for interrupting elements affecting "developerScenario.error" Button
    t =    49.04s     Synthesize event
    t =    49.33s     Wait for com.rishishah.sipcheck to idle
    t =    50.51s Waiting 4.0s for "scanErrorBanner" Any to exist
    t =    51.56s     Checking `Expect predicate `existsNoRetry == 1` for object "scanErrorBanner" Any`
    t =    51.56s         Checking existence of `"scanErrorBanner" Any`
    t =    51.61s Checking existence of `"Couldn't read that label. Try again or enter the beer name." StaticText`
    t =    51.67s Added attachment named '04-dev-scenario-error'
    t =    51.67s Tear Down
Test Case '-[SipCheckUITests.SipCheckUITests testSipCheckLabLaunchesFourIsolatedScenarios]' passed (51.913 seconds).
Test Case '-[SipCheckUITests.SipCheckUITests testTypedNameProducesVerdict]' started.
    t =     0.00s Start Test at 2026-07-31 03:02:16.823
    t =     0.03s Set Up
    t =     0.03s     Open com.rishishah.sipcheck
    t =     0.03s         Launch com.rishishah.sipcheck
    t =     0.03s             Terminate com.rishishah.sipcheck:31330
    t =     1.28s             Setting up automation session
    t =     2.54s             Wait for com.rishishah.sipcheck to idle
    t =     4.04s Waiting 5.0s for "Enter beer name" Button to exist
    t =     5.05s     Checking `Expect predicate `existsNoRetry == 1` for object "Enter beer name" Button`
    t =     5.05s         Checking existence of `"Enter beer name" Button`
    t =     5.12s Tap "Enter beer name" Button
    t =     5.12s     Wait for com.rishishah.sipcheck to idle
    t =     5.12s     Find the "Enter beer name" Button
    t =     5.17s     Check for interrupting elements affecting "enterTextButton" Button
    t =     5.19s     Synthesize event
    t =     5.49s     Wait for com.rishishah.sipcheck to idle
    t =     5.53s Waiting 3.0s for "beerTextInput" TextField to exist
    t =     6.53s     Checking `Expect predicate `existsNoRetry == 1` for object "beerTextInput" TextField`
    t =     6.53s         Checking existence of `"beerTextInput" TextField`
    t =     6.72s Waiting 3.0s for "beerTextInput" TextField to exist
    t =     7.75s     Checking `Expect predicate `existsNoRetry == 1` for object "beerTextInput" TextField`
    t =     7.75s         Checking existence of `"beerTextInput" TextField`
    t =     7.80s Tap "beerTextInput" TextField
    t =     7.80s     Wait for com.rishishah.sipcheck to idle
    t =     7.80s     Find the "beerTextInput" TextField
    t =     7.85s     Check for interrupting elements affecting "beerTextInput" TextField
    t =     7.89s     Synthesize event
    t =     8.19s     Wait for com.rishishah.sipcheck to idle
    t =     8.19s Type 'Sierra Nevada Pale...' into "beerTextInput" TextField
    t =     8.19s     Wait for com.rishishah.sipcheck to idle
    t =     8.19s     Find the "beerTextInput" TextField
    t =     8.31s     Check for interrupting elements affecting "beerTextInput" TextField
    t =     8.38s     Synthesize event
    t =     8.94s     Wait for com.rishishah.sipcheck to idle
    t =     9.02s Added attachment named '01-name-entered'
    t =     9.02s Waiting 3.0s for "suggestionRow_0" Button to exist
    t =    10.07s     Checking `Expect predicate `existsNoRetry == 1` for object "suggestionRow_0" Button`
    t =    10.07s         Checking existence of `"suggestionRow_0" Button`
    t =    10.13s Find the "suggestionRow_0" Button
    t =    10.19s Tap "suggestionRow_0" Button
    t =    10.19s     Wait for com.rishishah.sipcheck to idle
    t =    10.19s     Find the "suggestionRow_0" Button
    t =    10.24s     Check for interrupting elements affecting "suggestionRow_0" Button
    t =    10.28s     Synthesize event
    t =    10.59s     Wait for com.rishishah.sipcheck to idle
    t =    12.29s Waiting 10.0s for "tastePassportArtwork" Any to exist
    t =    13.34s     Checking `Expect predicate `existsNoRetry == 1` for object "tastePassportArtwork" Any`
    t =    13.34s         Checking existence of `"tastePassportArtwork" Any`
    t =    13.40s Find the "tastePassportArtwork" Any
    t =    13.43s Waiting 10.0s for "verdictText" Any to exist
    t =    14.47s     Checking `Expect predicate `existsNoRetry == 1` for object "verdictText" Any`
    t =    14.47s         Checking existence of `"verdictText" Any`
    t =    14.51s Find the "verdictText" Any
    t =    14.53s Find the "verdictText" Other
    t =    14.58s Find the "tastePassportArtwork" Other
    t =    14.61s Find the Target Application 'com.rishishah.sipcheck'
    t =    14.63s Find the "verdictText" Other
    t =    14.66s Checking existence of `"What it tastes like" StaticText`
    t =    14.68s Find the "tastePassportWhyHeading" Any
    t =    14.72s Checking existence of `"Plain English" StaticText`
    t =    14.75s Checking existence of `"Closest memories" StaticText`
    t =    14.77s Get number of matches for: Elements matching predicate 'label CONTAINS[c] "near your usual"'
    t =    14.86s Added attachment named '02-verdict'
    t =    14.87s Tear Down
Test Case '-[SipCheckUITests.SipCheckUITests testTypedNameProducesVerdict]' passed (15.082 seconds).
Test Case '-[SipCheckUITests.SipCheckUITests testTypingAfterUnreadablePhotoDiscardsStaleCapture]' started.
    t =     0.00s Start Test at 2026-07-31 03:02:31.905
    t =     0.02s Set Up
    t =     0.02s     Open com.rishishah.sipcheck
    t =     0.02s         Launch com.rishishah.sipcheck
    t =     0.02s             Terminate com.rishishah.sipcheck:34848
    t =     1.32s             Setting up automation session
    t =     2.53s             Wait for com.rishishah.sipcheck to idle
    t =     4.08s Terminate com.rishishah.sipcheck:35552
    t =     5.18s Open com.rishishah.sipcheck
    t =     5.18s     Launch com.rishishah.sipcheck
    t =     5.39s         Setting up automation session
    t =     6.38s         Wait for com.rishishah.sipcheck to idle
    t =     7.90s Waiting 5.0s for "Enter beer name" Button to exist
    t =     8.93s     Checking `Expect predicate `existsNoRetry == 1` for object "Enter beer name" Button`
    t =     8.94s         Checking existence of `"Enter beer name" Button`
    t =     9.00s Tap "Enter beer name" Button
    t =     9.00s     Wait for com.rishishah.sipcheck to idle
    t =     9.01s     Find the "Enter beer name" Button
    t =     9.04s     Check for interrupting elements affecting "enterTextButton" Button
    t =     9.07s     Synthesize event
    t =     9.36s     Wait for com.rishishah.sipcheck to idle
    t =     9.38s Waiting 5.0s for TextField (First Match) to exist
    t =    10.43s     Checking `Expect predicate `existsNoRetry == 1` for object TextField (First Match)`
    t =    10.43s         Checking existence of `TextField (First Match)`
    t =    11.09s Tap TextField (First Match)
    t =    11.09s     Wait for com.rishishah.sipcheck to idle
    t =    11.09s     Find the TextField (First Match)
    t =    11.26s     Check for interrupting elements affecting "beerTextInput" TextField
    t =    11.32s     Synthesize event
    t =    11.61s     Wait for com.rishishah.sipcheck to idle
    t =    11.62s Type 'Sierra Nevada Pale...' into "beerTextInput" TextField
    t =    11.62s     Wait for com.rishishah.sipcheck to idle
    t =    11.62s     Find the "beerTextInput" TextField
    t =    11.90s     Check for interrupting elements affecting "beerTextInput" TextField
    t =    11.99s     Synthesize event
    t =    12.56s     Wait for com.rishishah.sipcheck to idle
    t =    12.57s Waiting 3.0s for "suggestionRow_0" Button to exist
    t =    13.59s     Checking `Expect predicate `existsNoRetry == 1` for object "suggestionRow_0" Button`
    t =    13.59s         Checking existence of `"suggestionRow_0" Button`
    t =    13.64s Tap "suggestionRow_0" Button
    t =    13.64s     Wait for com.rishishah.sipcheck to idle
    t =    13.64s     Find the "suggestionRow_0" Button
    t =    13.69s     Check for interrupting elements affecting "suggestionRow_0" Button
    t =    13.74s     Synthesize event
    t =    14.09s     Wait for com.rishishah.sipcheck to idle
    t =    15.77s Waiting 10.0s for "tastePassportArtwork" Any to exist
    t =    16.83s     Checking `Expect predicate `existsNoRetry == 1` for object "tastePassportArtwork" Any`
    t =    16.83s         Checking existence of `"tastePassportArtwork" Any`
    t =    16.86s Find the "tastePassportArtwork" Any
    t =    16.89s Tear Down
Test Case '-[SipCheckUITests.SipCheckUITests testTypingAfterUnreadablePhotoDiscardsStaleCapture]' passed (17.116 seconds).
Test Suite 'SipCheckUITests' passed at 2026-07-31 03:02:49.024.
	 Executed 13 tests, with 0 failures (0 unexpected) in 300.269 (300.278) seconds
Test Suite 'SipCheckUITests.xctest' passed at 2026-07-31 03:02:49.024.
	 Executed 13 tests, with 0 failures (0 unexpected) in 300.269 (300.279) seconds
Test Suite 'All tests' passed at 2026-07-31 03:02:49.025.
	 Executed 13 tests, with 0 failures (0 unexpected) in 300.269 (300.280) seconds
2026-07-31 03:02:50.067 xcodebuild[13584:41810] [MT] IDETestOperationsObserverDebug: 336.923 elapsed -- Testing started completed.
2026-07-31 03:02:50.068 xcodebuild[13584:41810] [MT] IDETestOperationsObserverDebug: 0.000 sec, +0.000 sec -- start
2026-07-31 03:02:50.068 xcodebuild[13584:41810] [MT] IDETestOperationsObserverDebug: 336.923 sec, +336.923 sec -- end

Test session results, code coverage, and logs:
	/Users/runner/work/sipcheck/sipcheck/TestResults/e2e.xcresult

** TEST SUCCEEDED **

Testing started
